osm_id,osm_type,name,ssid_hint,internet_access,amenity,wifi,operator,lat,lon,vendor,bssid,country,region,first_seen,last_seen,matched_patterns,source,tags
411918020,node,Lotteria,,wlan,fast_food,,,10.7824512,106.6773049,,,,,,2022-05-12T08:57:03Z,,osm_overpass,"{""addr:housenumber"":""01"",""addr:street"":""Nguyễn Thông"",""amenity"":""fast_food"",""branch"":""Ga Sài Gòn"",""brand"":""Lotteria"",""brand:wikidata"":""Q249525"",""cuisine"":""burger"",""internet_access"":""wlan"",""name"":""Lotteria"",""opening_hours"":""Mo-Su 07:00-23:00"",""source"":""survey"",""takeaway"":""yes""}"
729602707,node,Lotteria,,wlan,fast_food,,,10.7676493,106.6953831,,,,,,2022-05-16T07:00:13Z,,osm_overpass,"{""amenity"":""fast_food"",""brand"":""Lotteria"",""brand:wikidata"":""Q249525"",""cuisine"":""burger"",""internet_access"":""wlan"",""name"":""Lotteria"",""name:de"":""Lotteria"",""takeaway"":""yes""}"
729602724,node,Lotteria,,wlan,fast_food,,Lotteria,10.7567799,106.6852501,,,,,,2026-01-09T06:22:15Z,,osm_overpass,"{""addr:housenumber"":""330"",""addr:street"":""Đường Trần Hưng Ðạo"",""amenity"":""fast_food"",""branch"":""Nguyễn Văn Cừ"",""brand"":""Lotteria"",""brand:wikidata"":""Q249525"",""cuisine"":""burger"",""delivery"":""yes"",""internet_access"":""wlan"",""name"":""Lotteria"",""name:en"":""Lotteria"",""not:brand:wikidata"":""Q524757"",""operator"":""Lotteria"",""takeaway"":""yes""}"
1063804286,node,Khách Sạn Sao Nam,,yes,,,,10.7687973,106.6942749,,,,,,2022-05-16T08:17:24Z,,osm_overpass,"{""email"":""haohiep@yahoo.com"",""internet_access"":""yes"",""internet_access:fee"":""no"",""name"":""Khách Sạn Sao Nam"",""phone"":""39206472"",""tourism"":""hotel""}"
1275863719,node,Cà Phê Napoli,,yes,cafe,,,10.7732622,106.6938064,,,,,,2022-05-17T03:53:11Z,,osm_overpass,"{""addr:street"":""Nguyễn Du"",""amenity"":""cafe"",""internet_access"":""yes"",""internet_access:fee"":""no"",""name"":""Cà Phê Napoli"",""smoking"":""yes""}"
1407135685,node,Cà Phê Au Parc,,wlan,cafe,,,10.7787503,106.6981182,,,,Thành phố Hồ Chí Minh,,2022-05-09T06:48:50Z,,osm_overpass,"{""addr:city"":""Thành phố Hồ Chí Minh"",""addr:district"":""Quận 1"",""addr:housenumber"":""32"",""addr:street"":""Hàn Thuyên"",""amenity"":""cafe"",""cuisine"":""mediterranean"",""internet_access"":""wlan"",""name"":""Cà Phê Au Parc"",""opening_hours"":""Mo-Sa 07:30-22:30; Su 08:00-17:00"",""phone"":""3829 2772"",""wheelchair"":""limited""}"
1770193865,node,Cà Phê Đá,,wlan,cafe,,,10.7805631,106.6975344,,,,,,2022-05-10T03:35:57Z,,osm_overpass,"{""addr:housenumber"":""4"",""addr:street"":""Alexandre de Rhodes"",""amenity"":""cafe"",""cuisine"":""coffee_shop"",""internet_access"":""wlan"",""internet_access:fee"":""no"",""name"":""Cà Phê Đá""}"
1770193907,node,Hội Quán Thanh Niên,,wlan,cafe,,,10.7819478,106.6979915,,,,,,2025-04-28T11:07:36Z,,osm_overpass,"{""amenity"":""cafe"",""cuisine"":""coffee_shop"",""internet_access"":""wlan"",""internet_access:fee"":""no"",""name"":""Hội Quán Thanh Niên""}"
1969392566,node,Trung Nguyên Coffee,,wlan,cafe,,,10.7817145,106.6982688,,,,,,2025-04-28T11:07:36Z,,osm_overpass,"{""addr:housename"":""Cafe Trung Nguyên"",""addr:housenumber"":""7"",""addr:street"":""Nguyễn Văn Chiêm"",""alt_name"":""Cafe Trung Nguyên"",""amenity"":""cafe"",""branch"":""Legend Café   Nguyễn Văn Chiêm"",""brand"":""Trung Nguyên"",""brand:wikidata"":""Q3541154"",""brand:wikipedia"":""vi:Trung Nguyên (công ty)"",""cuisine"":""coffee_shop;vietnamese"",""int_name"":""Cafe Trung Nguyen"",""internet_access"":""wlan"",""internet_access:fee"":""no"",""name"":""Trung Nguyên Coffee"",""name:en"":""Trung Nguyên Coffee"",""name:vi"":""Cà phê Trung Nguyên"",""takeaway"":""yes"",""website"":""http://www.trungnguyen.com.vn/quan/thanhniensangtao.aspx""}"
1969579682,node,Cà Phê Gió Bấc,,wlan,cafe,,,10.783145,106.6955418,,,,,,2022-04-25T05:17:20Z,,osm_overpass,"{""addr:housenumber"":""10"",""addr:street"":""Công trường Quốc tế"",""amenity"":""cafe"",""cuisine"":""coffee_shop"",""internet_access"":""wlan"",""internet_access:fee"":""no"",""name"":""Cà Phê Gió Bấc""}"
1969579862,node,Highlands Coffee,,wlan,cafe,,,10.7686142,106.6934398,,,,,,2026-03-16T15:56:34Z,,osm_overpass,"{""addr:housename"":""Highlands Coffee"",""addr:housenumber"":""187"",""addr:street"":""Đường Phạm Ngũ Lão"",""air_conditioning"":""yes"",""amenity"":""cafe"",""brand"":""Highlands Coffee"",""brand:wikidata"":""Q5759361"",""check_date"":""2025-11-16"",""cuisine"":""coffee_shop;vietnamese"",""internet_access"":""wlan"",""internet_access:fee"":""no"",""name"":""Highlands Coffee"",""name:en"":""Highlands Coffee"",""opening_hours"":""06:00-24:00"",""outdoor_seating"":""yes"",""payment:cash"":""yes"",""payment:credit_cards"":""yes"",""payment:debit_cards"":""yes"",""phone"":""+84838389523"",""smoking"":""outside"",""takeaway"":""yes"",""toilets"":""yes"",""toilets:wheelchair"":""no"",""wheelchair"":""limited""}"
2078561313,node,Cafe Thềm Xưa,,yes,cafe,,,10.759976,106.685927,,,,,,2019-09-11T20:35:01Z,,osm_overpass,"{""addr:street"":""Đường Nguyễn Cảnh Chân"",""amenity"":""cafe"",""cuisine"":""coffee_shop"",""internet_access"":""yes"",""internet_access:fee"":""no"",""name"":""Cafe Thềm Xưa"",""outdoor_seating"":""yes"",""smoking"":""separated"",""takeaway"":""no"",""wheelchair"":""limited""}"
2103831053,node,Khách Sạn Đại Huy Hoàng,,wlan,,,,10.7672409,106.6909759,,,,,,2022-05-12T03:16:21Z,,osm_overpass,"{""internet_access"":""wlan"",""name"":""Khách Sạn Đại Huy Hoàng"",""name:de"":""Dai Huy Hoang Hotel"",""tourism"":""hotel""}"
2119278909,node,Trà sữa Tea Cup,,wlan,cafe,,,10.7980613,106.6885019,,,VN,Hồ Chí Minh,,2022-04-28T03:18:06Z,,osm_overpass,"{""addr:city"":""Phú Nhuận"",""addr:country"":""VN"",""addr:housenumber"":""174"",""addr:province"":""Hồ Chí Minh"",""addr:street"":""Phan Xích Long"",""amenity"":""cafe"",""cuisine"":""coffee_shop"",""internet_access"":""wlan"",""internet_access:fee"":""no"",""name"":""Trà sữa Tea Cup""}"
2158685397,node,Cửa Hàng Yogurt Space,,wlan,ice_cream,,,10.7984407,106.6876168,,,,Ho Chi Minh City,,2024-04-20T18:04:12Z,,osm_overpass,"{""addr:city"":""Ho Chi Minh City"",""addr:street"":""Phan Xích Long"",""amenity"":""ice_cream"",""cuisine"":""ice_cream"",""internet_access"":""wlan"",""internet_access:fee"":""no"",""name"":""Cửa Hàng Yogurt Space""}"
2179447381,node,Cà Phê Terrace,,wlan,cafe,,,10.7971795,106.6735475,,,,,,2022-04-26T04:46:54Z,,osm_overpass,"{""amenity"":""cafe"",""internet_access"":""wlan"",""name"":""Cà Phê Terrace""}"
2276551166,node,Cà Phê Miền Đồng Thảo,,wlan,cafe,,,10.7972044,106.6752752,,,,Thành phố Hồ Chí Minh,,2025-09-11T11:15:42Z,,osm_overpass,"{""addr:city"":""Thành phố Hồ Chí Minh"",""addr:housenumber"":""221A"",""addr:postcode"":""700000"",""addr:street"":""Nguyễn Trọng Tuyển"",""addr:ward"":""Phường Phú Nhuận"",""amenity"":""cafe"",""internet_access"":""wlan"",""name"":""Cà Phê Miền Đồng Thảo"",""phone"":""+84 8 38451357"",""smoking"":""yes""}"
2539425567,node,Cà Phê Tutti Frutti Frozen Yogurt,,wlan,cafe,,,10.7719303,106.6976976,,,,,,2022-05-25T07:32:35Z,,osm_overpass,"{""amenity"":""cafe"",""internet_access"":""wlan"",""internet_access:fee"":""no"",""name"":""Cà Phê Tutti Frutti Frozen Yogurt"",""name:de"":""Tutti frutti Frozen Yogurt"",""opening_hours"":""Mo-Su 08:00-22:30"",""smoking"":""no""}"
2609878882,node,Trung Nguyên Coffee,,wlan,cafe,,,10.7826381,106.6769835,,,,,,2022-05-12T08:57:03Z,,osm_overpass,"{""amenity"":""cafe"",""brand"":""Trung Nguyên"",""brand:wikidata"":""Q3541154"",""cuisine"":""coffee_shop;vietnamese"",""internet_access"":""wlan"",""name"":""Trung Nguyên Coffee"",""name:en"":""Trung Nguyen Coffee"",""name:vi"":""Cà phê Trung Nguyên"",""takeaway"":""yes""}"
2614395016,node,Khách Sạn Đức Minh,,wlan,,,,10.7518784,106.6740794,,,,,,2022-04-21T04:05:11Z,,osm_overpass,"{""internet_access"":""wlan"",""internet_access:fee"":""no"",""name"":""Khách Sạn Đức Minh"",""name:de"":""Dức Minh"",""tourism"":""hotel""}"
2672684527,node,Cắt Tóc Thanh Phong,,wlan,,,,10.75609,106.693908,,,,,,2022-04-16T08:19:13Z,,osm_overpass,"{""addr:housenumber"":""110"",""addr:street"":""Đường Nguyễn Khoái"",""internet_access"":""wlan"",""name"":""Cắt Tóc Thanh Phong"",""opening_hours"":""Mo-Su 09:00-22:00"",""phone"":""0932537379"",""shop"":""hairdresser""}"
2676923809,node,Baskin-Robbins,,wlan,ice_cream,,,10.771404,106.696391,,,,,,2022-05-09T08:35:41Z,,osm_overpass,"{""amenity"":""ice_cream"",""brand"":""Baskin-Robbins"",""brand:wikidata"":""Q584601"",""cuisine"":""ice_cream"",""internet_access"":""wlan"",""name"":""Baskin-Robbins"",""name:de"":""Cafe Baskin Robins"",""opening_hours"":""Mo-Su 10:00-23:00"",""phone"":""19002076"",""website"":""http://www.baskinsrobbins.vn""}"
2676928762,node,Pizza Hut,,wlan,restaurant,,,10.776985,106.690347,,,,Ho Chi Minh City,,2024-04-20T18:04:12Z,,osm_overpass,"{""addr:city"":""Ho Chi Minh City"",""addr:district"":""Quận 3"",""addr:housenumber"":""61"",""addr:street"":""Trương Định"",""addr:subdistrict"":""Phường 6"",""amenity"":""restaurant"",""branch"":""Trương Định"",""brand"":""Pizza Hut"",""brand:wikidata"":""Q191615"",""cuisine"":""pizza"",""internet_access"":""wlan"",""name"":""Pizza Hut"",""takeaway"":""yes""}"
2676929117,node,Cửa Hàng Bánh Mì Tươi,,wlan,,,,10.7761119,106.6901276,,,,,,2022-05-09T08:26:52Z,,osm_overpass,"{""internet_access"":""wlan"",""name"":""Cửa Hàng Bánh Mì Tươi"",""shop"":""bakery""}"
2760310171,node,Cà Phê Milano Radio,,yes,cafe,,,10.7994534,106.6888155,,,,"Phường 7, Quận Phú Nhuận, Thành Phố Hồ Chí Minh",,2014-04-02T09:35:52Z,,osm_overpass,"{""addr:city"":""Phường 7, Quận Phú Nhuận, Thành Phố Hồ Chí Minh"",""addr:housenumber"":""33"",""addr:postcode"":""08"",""addr:street"":""Hoa Sứ"",""amenity"":""cafe"",""cuisine"":""coffee_shop"",""internet_access"":""yes"",""name"":""Cà Phê Milano Radio"",""note"":""Cà phê giá chỉ từ 12.000vnđ/ly"",""opening_hours"":""06:30"",""phone"":""0942 869 233"",""smoking"":""yes""}"
2854585999,node,Quán Beer Plaza,,wlan,pub,,,10.7700421,106.6934779,,,,,,2022-05-09T09:37:43Z,,osm_overpass,"{""addr:housenumber"":""94 - 96"",""addr:street"":""Đường Lê Lai"",""amenity"":""pub"",""internet_access"":""wlan"",""name"":""Quán Beer Plaza"",""name:de"":""Beer Plaza""}"
3212141008,node,Khách Sạn Vàng Anh,,wlan,,,,10.7979061,106.6897753,,,,,,2022-04-28T03:18:06Z,,osm_overpass,"{""internet_access"":""wlan"",""name"":""Khách Sạn Vàng Anh"",""tourism"":""hotel""}"
3235567249,node,Paris Baguette,,wlan,,,,10.7914244,106.6873065,,,,,,2025-07-18T02:43:35Z,,osm_overpass,"{""addr:street"":""Lý Chính Thắng"",""brand"":""Paris Baguette"",""brand:wikidata"":""Q62605260"",""internet_access"":""wlan"",""name"":""Paris Baguette"",""shop"":""bakery""}"
3235666541,node,,,wlan,cafe,,,10.7901897,106.6889271,,,,Ho Chi Minh City,,2024-04-20T18:04:12Z,,osm_overpass,"{""addr:city"":""Ho Chi Minh City"",""addr:district"":""Quan 3"",""addr:housenumber"":""377"",""addr:street"":""Hẻm 373 Hai Bà Trưng;Hai Bà Trưng"",""addr:subdistrict"":""Phuong 8"",""amenity"":""cafe"",""cuisine"":""ice_cream"",""internet_access"":""wlan""}"
3256598177,node,Khách Sạn PP BackPackers,,wlan,,,,10.7673302,106.6908055,,,,HoChiMinh Cit,,2022-05-19T02:35:51Z,,osm_overpass,"{""addr:city"":""HoChiMinh Cit"",""addr:district"":""1"",""addr:housenumber"":""283/41"",""addr:postcode"":""70000"",""addr:street"":""Phạm Ngũ Lão"",""internet_access"":""wlan"",""name"":""Khách Sạn PP BackPackers"",""tourism"":""hotel"",""website"":""http://ppbackpackers.com.vn/"",""wheelchair"":""no""}"
3473955573,node,Nhà Hàng Pundjab,,wlan,restaurant,,,10.7680371,106.6941696,,,,,,2022-05-19T02:35:51Z,,osm_overpass,"{""amenity"":""restaurant"",""cuisine"":""indian"",""internet_access"":""wlan"",""name"":""Nhà Hàng Pundjab"",""name:de"":""Pundjab"",""name:fr"":""pundjab""}"
3607020510,node,Nhà Hàng Vỹ Dạ,,wlan,restaurant,,,10.7749047,106.6980099,,,,,,2022-05-19T03:36:24Z,,osm_overpass,"{""amenity"":""restaurant"",""internet_access"":""wlan"",""name"":""Nhà Hàng Vỹ Dạ""}"
3798941178,node,Cà Phê Suối Nguồn,,wlan,cafe,,,10.7984019,106.6680438,,,,,,2022-04-26T03:38:49Z,,osm_overpass,"{""amenity"":""cafe"",""internet_access"":""wlan"",""name"":""Cà Phê Suối Nguồn""}"
3806622351,node,Khách Sạn Khói,,wlan,,,,10.7667992,106.6896673,,,,,,2022-05-16T02:58:11Z,,osm_overpass,"{""addr:housenumber"":""373/11"",""addr:street"":""Pham Ngu Lao St"",""internet_access"":""wlan"",""name"":""Khách Sạn Khói"",""tourism"":""hotel""}"
4117199797,node,Khách Sạn 4 Sao New Pacific,,wlan,,,,10.78384,106.6828613,,,,,,2024-01-14T08:57:26Z,,osm_overpass,"{""addr:housenumber"":""12 этажей + ресторан"",""addr:street"":""Kỳ Ðồng"",""email"":""hotel@new pacific.vn"",""internet_access"":""wlan"",""name"":""Khách Sạn 4 Sao New Pacific"",""name:en"":""NEW PACIFIC HOTEL"",""name:ja"":""ニュー パシフィック ホテル"",""opening_hours"":""24/7"",""phone"":""84835261788"",""tourism"":""hotel"",""website"":""www.newpacific.vn""}"
4120750189,node,Nhà Hàng Saigon Green House,,wlan,restaurant,,,10.7724714,106.6958298,,,,,,2022-05-19T04:43:18Z,,osm_overpass,"{""addr:housenumber"":""52"",""addr:street"":""Trương Định"",""amenity"":""restaurant"",""delivery"":""yes"",""diet:halal"":""yes"",""internet_access"":""wlan"",""internet_access:fee"":""no"",""name"":""Nhà Hàng Saigon Green House"",""opening_hours"":""10:00-22:00""}"
4121579923,node,Khách Sạn Eden Garden 2,,wlan,,,,10.7682418,106.6945397,,,,,,2024-12-14T16:01:29Z,,osm_overpass,"{""addr:housenumber"":""28/12;175/21"",""addr:postcode"":""70000"",""addr:street"":""175/21 Pham Ngu Lao Street, Pham Ngu Lao Ward, District 1, Ho Chi Minh City"",""email"":""saigonedengarden2@gmail.com"",""internet_access"":""wlan"",""name"":""Khách Sạn Eden Garden 2"",""phone"":""+84 8 38365254"",""tourism"":""hotel"",""website"":""http://www.edengardenhotel2.com""}"
4133670092,node,Cà Phê Nguyễn Hoàng,,wlan,cafe,,,10.7716515,106.695367,,,,,,2022-05-10T03:35:57Z,,osm_overpass,"{""addr:housenumber"":""70/38A"",""amenity"":""cafe"",""internet_access"":""wlan"",""name"":""Cà Phê Nguyễn Hoàng""}"
4134594889,node,Cà Phê Three O’clock,,wlan,cafe,,,10.7553326,106.6818593,,,,,,2022-04-16T03:28:08Z,,osm_overpass,"{""addr:housenumber"":""771"",""addr:street"":""Đường Trần Hưng Ðạo"",""amenity"":""cafe"",""cuisine"":""coffee_shop"",""internet_access"":""wlan"",""name"":""Cà Phê Three O’clock"",""opening_hours"":""Mo-Su 08:00-22:00"",""phone"":""08 38363900"",""website"":""http://www.langfarmdalat.com""}"
4143264008,node,KnK Inn (Homestay) Sports Pub Rooftop Garden,,wlan,,,,10.7643179,106.6953625,,,,Ho Chi Minh City,,2026-04-19T11:08:00Z,,osm_overpass,"{""addr:housenumber"":""96"",""addr:postcode"":""70000"",""addr:province"":""Ho Chi Minh City"",""addr:street"":""Đường Ðề Thám"",""addr:subdistrict"":""Cầu Ông Lãnh"",""internet_access"":""wlan"",""internet_access:fee"":""customers"",""name"":""KnK Inn (Homestay) Sports Pub Rooftop Garden"",""opening_hours"":""Mo-Su 08:00-23:00"",""tourism"":""hostel"",""website"":""https://www.knkinn.com""}"
4151437404,node,Starbucks,,wlan,cafe,,,10.7675184,106.6938961,,,,,,2022-05-28T23:27:02Z,,osm_overpass,"{""addr:housenumber"":""191-193"",""addr:street"":""Đường Ðề Thám"",""amenity"":""cafe"",""branch"":""Đề Thám"",""brand"":""Starbucks"",""brand:wikidata"":""Q37158"",""cuisine"":""coffee_shop"",""email"":""customerservice@coffee-concepts.com.vn"",""internet_access"":""wlan"",""name"":""Starbucks"",""official_name"":""Starbucks Coffee"",""opening_hours"":""Su-Th 07:00-22:00; Fr-Sa 07:00-23:00"",""phone"":""+8438386455"",""takeaway"":""yes"",""website"":""https://www.starbucks.vn/""}"
4213286993,node,Viện Di Động,,wlan,,,Ha Vu,10.7922932,106.6936363,,,,Ho Chi Minh City,,2022-04-28T02:31:17Z,,osm_overpass,"{""addr:city"":""Ho Chi Minh City"",""addr:district"":""Tân Định"",""addr:housenumber"":""81"",""addr:postcode"":""100081"",""addr:street"":""Trần Quang Khải"",""internet_access"":""wlan"",""name"":""Viện Di Động"",""operator"":""Ha Vu"",""shop"":""mobile_phone""}"
4214941891,node,Khách Sạn Sunrise Central,,wlan,,,,10.7737761,106.6969229,,,,Ho Chi Minh City,,2023-06-19T01:22:03Z,,osm_overpass,"{""addr:city"":""Ho Chi Minh City"",""addr:district"":""1"",""addr:housenumber"":""135-137"",""addr:postcode"":""70000"",""addr:street"":""Lý Tự Trọng"",""addr:subdistrict"":""Ben Thanh"",""internet_access"":""wlan"",""name"":""Khách Sạn Sunrise Central"",""note"":""The newly renovated hotel in 2016"",""phone"":""+84-8-38234370"",""rooms"":""79"",""stars"":""3"",""tourism"":""hotel"",""website"":""https://www.sunrisecentralhotel.com""}"
4221617096,node,Nhà Khách Diệp Anh,,wlan,,,,10.7677112,106.6927005,,,,,,2022-05-09T03:33:45Z,,osm_overpass,"{""addr:housenumber"":""241/31"",""addr:street"":""Hẻm Phạm Ngũ Lão"",""internet_access"":""wlan"",""name"":""Nhà Khách Diệp Anh"",""tourism"":""guest_house""}"
4221664192,node,Thanh Diep Network Solutions,,wlan,,,,10.7789349,106.6681466,,,,,,2023-10-04T22:51:33Z,,osm_overpass,"{""addr:street"":""Hẻm 163/14/65 Tô Hiến Thành"",""email"":""info@thanhdiep.com"",""internet_access"":""wlan"",""name"":""Thanh Diep Network Solutions"",""opening_hours"":""Mo-Su 09:00-18:00"",""phone"":""+84933444781"",""shop"":""computer"",""website"":""https://thanhdiep.com/""}"
4242307790,node,Cà Phê Trầm,,wlan,cafe,,,10.7965646,106.6777741,,,,,,2022-04-27T04:24:05Z,,osm_overpass,"{""addr:housenumber"":""100"",""addr:street"":""Trần Huy Liệu"",""amenity"":""cafe"",""internet_access"":""wlan"",""name"":""Cà Phê Trầm""}"
4242359812,node,Khách Sạn Misu Home,,wlan,,,,10.7609409,106.6876518,,,,,,2022-04-14T09:04:16Z,,osm_overpass,"{""addr:street"":""258/109 Tran Hung Dao"",""email"":""misuhomes@gmail.com"",""internet_access"":""wlan"",""name"":""Khách Sạn Misu Home"",""opening_hours"":""24/7"",""phone"":""0918631679"",""tourism"":""hostel""}"
4242786289,node,Khách Sạn Compass Park View,,wlan,,,,10.7723839,106.6929389,,,,,,2022-05-11T07:03:50Z,,osm_overpass,"{""internet_access"":""wlan"",""name"":""Khách Sạn Compass Park View"",""name:de"":""Compass Park View Hotel"",""tourism"":""hotel""}"
4254655893,node,Khách Sạn Lê Duy,,wlan,,,LE DUY,10.770762,106.6936694,,,,,,2022-05-16T04:53:17Z,,osm_overpass,"{""addr:housenumber"":""18-20"",""addr:street"":""Đường Nguyễn Thái Học"",""email"":""info@leduyhotel.com.vn"",""internet_access"":""wlan"",""name"":""Khách Sạn Lê Duy"",""name:de"":""Le Duy Hotel"",""opening_hours"":""24/7"",""operator"":""LE DUY"",""phone"":""+84839252090"",""tourism"":""hotel"",""website"":""leduyhotel.com.vn""}"
4259829690,node,,,wlan,,,,10.767851,106.69439,,,,,,2016-06-23T04:57:30Z,,osm_overpass,"{""addr:street"":""Hẻm 40 Bùi Viện"",""internet_access"":""wlan"",""tourism"":""hotel""}"
4267020994,node,Khách Sạn Town House 373,,wlan,,,,10.7664642,106.6901077,,,,,,2022-04-16T09:22:08Z,,osm_overpass,"{""internet_access"":""wlan"",""name"":""Khách Sạn Town House 373"",""tourism"":""hostel""}"
4269089889,node,Quán Ốc Cà Na,,wlan,food_court,,,10.7985812,106.6814186,,,,,,2022-04-27T04:59:53Z,,osm_overpass,"{""amenity"":""food_court"",""internet_access"":""wlan"",""name"":""Quán Ốc Cà Na""}"
4271032089,node,Khách Sạn Inn Saigon,,wlan,,,,10.7687943,106.6905611,,,,,,2022-05-26T02:43:46Z,,osm_overpass,"{""addr:housenumber"":""200"",""addr:street"":""Lê Lai"",""internet_access"":""wlan"",""name"":""Khách Sạn Inn Saigon"",""phone"":""+84839254348"",""tourism"":""hostel""}"
4274858294,node,The Coffee House,,wlan,cafe,,,10.778179,106.681205,,,,,,2022-05-18T08:15:04Z,,osm_overpass,"{""addr:housenumber"":""130"",""addr:street"":""Đường Cách Mạng Tháng Tám"",""amenity"":""cafe"",""brand"":""The Coffee House"",""brand:wikidata"":""Q60775742"",""cuisine"":""coffee_shop;vietnamese"",""internet_access"":""wlan"",""name"":""The Coffee House"",""name:en"":""The Coffee House"",""phone"":""02871 087 088"",""takeaway"":""yes"",""website"":""https://www.thecoffeehouse.com/""}"
4275134192,node,Nhà Hàng - Cafe Bookworm's,,wlan,restaurant,,,10.7663169,106.6913488,,,,,,2022-04-17T13:27:51Z,,osm_overpass,"{""addr:housenumber"":""4"",""addr:street"":""Ðỗ Quang Ðẩu"",""amenity"":""restaurant"",""internet_access"":""wlan"",""name"":""Nhà Hàng - Cafe Bookworm's"",""name:en"":""Bookworm's Cafe - English breakfast"",""opening_hours"":""Mo-Su 07:00-23:30""}"
4302054289,node,Khách Sạn Himalaya Phoenix Saigon,,wlan,,,,10.7705584,106.6930431,,,,,,2022-05-13T07:34:28Z,,osm_overpass,"{""addr:housenumber"":""7/12"",""addr:street"":""Nguyễn Trãi"",""email"":""hiphosaigonhostel@gmail.com"",""internet_access"":""wlan"",""name"":""Khách Sạn Himalaya Phoenix Saigon"",""name:de"":""Himalaya Phoenix Saigon Hostel"",""opening_hours"":""24/7"",""phone"":""0084907653230"",""tourism"":""hostel""}"
4310134635,node,Nhà Hàng Gogi,,wlan,restaurant,,,10.7977766,106.6892286,,,,,,2022-04-28T03:18:06Z,,osm_overpass,"{""addr:housenumber"":""198"",""addr:street"":""Phan Xích Long"",""amenity"":""restaurant"",""cuisine"":""grill"",""internet_access"":""wlan"",""name"":""Nhà Hàng Gogi"",""opening_hours"":""Mo-Su 10:00-22:00"",""phone"":""(08)35178283""}"
4316938489,node,Khách Sạn Quy Thanh,,wlan,,,,10.7724577,106.694196,,,,,,2022-05-19T03:36:24Z,,osm_overpass,"{""internet_access"":""wlan"",""name"":""Khách Sạn Quy Thanh"",""name:de"":""Quy Thanh"",""tourism"":""hotel""}"
4332395699,node,Jolliebee Trần Hưng Đạo,,wlan,fast_food,,Jolliebee,10.7564895,106.6849749,,,,,,2023-10-04T22:52:28Z,,osm_overpass,"{""addr:housenumber"":""354-356"",""addr:street"":""Đường Trần Hưng Ðạo"",""amenity"":""fast_food"",""branch"":""Trần Hưng Đạo"",""brand"":""Jollibee"",""cuisine"":""burger"",""delivery"":""yes"",""internet_access"":""wlan"",""name"":""Jolliebee Trần Hưng Đạo"",""not:brand:wikidata"":""Q37614"",""operator"":""Jolliebee"",""takeaway"":""yes"",""website"":""https://www.jollibee.com.vn/""}"
4335331201,node,Nhà Hàng Zìn Ký,,wlan,restaurant,,,10.7692725,106.6904171,,,,,,2022-05-26T04:25:36Z,,osm_overpass,"{""addr:street"":""Đường Nguyễn Trãi"",""amenity"":""restaurant"",""internet_access"":""wlan"",""name"":""Nhà Hàng Zìn Ký"",""name:de"":""Zìn Ký"",""opening_hours"":""24/7""}"
4335923590,node,Khách Sạn Blue River 2,,wlan,,,,10.7664022,106.6996139,,,,,,2022-05-09T13:08:09Z,,osm_overpass,"{""addr:housenumber"":""54"",""addr:street"":""Ký Con"",""internet_access"":""wlan"",""name"":""Khách Sạn Blue River 2"",""opening_hours"":""24/7"",""tourism"":""hotel""}"
4343920800,node,,,wlan,cafe,,,10.7687033,106.6936021,,,,,,2026-03-16T15:56:34Z,,osm_overpass,"{""addr:street"":""Đường Phạm Ngũ Lão"",""amenity"":""cafe"",""check_date"":""2025-11-16"",""internet_access"":""wlan"",""internet_access:fee"":""customers"",""payment:cash"":""yes"",""takeaway"":""only""}"
4345877290,node,Cửa Hàng Di Động Nhật Huy,,wlan,,,,10.7631911,106.6658422,,,,,,2022-04-15T02:39:52Z,,osm_overpass,"{""addr:housenumber"":""434"",""addr:street"":""Vĩnh Viễn"",""internet_access"":""wlan"",""name"":""Cửa Hàng Di Động Nhật Huy"",""opening_hours"":""Mo-Su 09:00-20:00"",""phone"":""0908662882"",""shop"":""mobile_phone"",""website"":""https://nhathuy.mobi/""}"
4348139090,node,Sa Đéc Quán,,wlan,restaurant,,,10.7820043,106.6932163,,,,,,2023-03-11T09:04:58Z,,osm_overpass,"{""amenity"":""restaurant"",""cuisine"":""vietnamese"",""diet:vegan"":""yes"",""diet:vegetarian"":""yes"",""internet_access"":""wlan"",""name"":""Sa Đéc Quán""}"
4352683291,node,Cà Phê Vừng Ơi,,wlan,cafe,,,10.7815859,106.691294,,,,,,2022-05-11T04:31:14Z,,osm_overpass,"{""amenity"":""cafe"",""internet_access"":""wlan"",""name"":""Cà Phê Vừng Ơi""}"
4367701489,node,,,wlan,,,,10.792936,106.6657152,,,,,,2026-01-17T19:33:02Z,,osm_overpass,"{""addr:street"":""Hẻm 281/56 Lê Văn Sỹ"",""check_date:internet_access"":""2026-01-18"",""internet_access"":""wlan"",""tourism"":""hostel""}"
4369409590,node,Cơm Gà Tam Kỳ Hồng Nga,,wlan,restaurant,,,10.7685706,106.6871539,,,,,,2016-08-27T09:46:31Z,,osm_overpass,"{""addr:housenumber"":""158A"",""addr:postcode"":""700000"",""addr:street"":""Bùi Thị Xuân"",""amenity"":""restaurant"",""cuisine"":""chicken"",""internet_access"":""wlan"",""name"":""Cơm Gà Tam Kỳ Hồng Nga"",""name:vi"":""Cơm Gà Tam Kỳ Hồng Nga"",""opening_hours"":""Mo-Su 07:00-22:00"",""phone"":""0822212777"",""website"":""https://mobile.facebook.com/comgatamky.hongnga/?ref=bookmarks""}"
4369985405,node,Cửa Hàng Bánh Mì ABC,,wlan,,,,10.7683888,106.6926745,,,,,,2022-05-09T04:14:06Z,,osm_overpass,"{""internet_access"":""wlan"",""name"":""Cửa Hàng Bánh Mì ABC"",""opening_hours"":""06:00-22:00"",""shop"":""bakery""}"
4380968190,node,Thế Giới Nhớt,,wlan,car_rental,,Công Ty NK OIL,10.774649,106.65599,,,,,,2019-03-30T22:14:25Z,,osm_overpass,"{""addr:housenumber"":""11"",""addr:street"":""Dường Số 281"",""amenity"":""car_rental"",""email"":""thegioinhot@gmail.com"",""internet_access"":""wlan"",""name"":""Thế Giới Nhớt"",""name:vi"":""Thế Giới Nhớt"",""opening_hours"":""Mo-Sa 08:00-06:00"",""operator"":""Công Ty NK OIL"",""phone"":""0901800068"",""website"":""https://www.thegioinhot.vn/""}"
4381798790,node,Highlands Coffee,,wlan,cafe,,,10.7796762,106.6924435,,,,,,2022-05-13T04:54:40Z,,osm_overpass,"{""amenity"":""cafe"",""brand"":""Highlands Coffee"",""brand:wikidata"":""Q5759361"",""cuisine"":""coffee_shop;vietnamese"",""internet_access"":""wlan"",""name"":""Highlands Coffee"",""name:en"":""Highlands Coffee"",""name:vi"":""Highlands Coffee"",""takeaway"":""yes""}"
4382249692,node,Doi Coffee & Tea,,wlan,,,,10.7719916,106.6906234,,,,,,2017-01-15T08:51:00Z,,osm_overpass,"{""addr:housenumber"":""32"",""addr:street"":""Bùi Thị Xuân"",""internet_access"":""wlan"",""name"":""Doi Coffee & Tea"",""name:vi"":""Doi Coffee & Tea"",""shop"":""beverages""}"
4385092389,node,Cộng Cà Phê,,wlan,cafe,,,10.7666057,106.69208,,,,,,2025-03-29T05:59:07Z,,osm_overpass,"{""addr:housenumber"":""129"",""addr:street"":""Đường Bùi Viện"",""amenity"":""cafe"",""brand"":""Cộng Cà Phê"",""brand:wikidata"":""Q63864181"",""cuisine"":""coffee_shop;vietnamese"",""internet_access"":""wlan"",""name"":""Cộng Cà Phê"",""name:en"":""Cong Ca Phe"",""name:vi"":""Cộng Cà Phê"",""takeaway"":""yes""}"
4393480889,node,Taj Mahal,,wlan,restaurant,,,10.7680805,106.6925388,,,,,,2022-10-21T05:02:55Z,,osm_overpass,"{""amenity"":""restaurant"",""cuisine"":""curry;indian"",""internet_access"":""wlan"",""name"":""Taj Mahal"",""name:de"":""Taj Mahal"",""name:vi"":""Taj Mahal"",""phone"":""(08)62738496""}"
4396108093,node,Nhà Hàng Ý Mumtaz,,wlan,restaurant,,,10.7659975,106.6909905,,,,,,2022-04-17T00:46:17Z,,osm_overpass,"{""addr:housenumber"":""226"",""addr:street"":""Đường Bùi Viện"",""amenity"":""restaurant"",""cuisine"":""indian"",""diet:vegetarian"":""yes"",""internet_access"":""wlan"",""name"":""Nhà Hàng Ý Mumtaz""}"
4398590291,node,Miquafood,,wlan,,,,10.7797088,106.6788282,,,,,,2022-05-17T02:17:57Z,,osm_overpass,"{""addr:housenumber"":""12"",""addr:street"":""Rạch Bùng Binh"",""internet_access"":""wlan"",""name"":""Miquafood"",""name:vi"":""Miquafood12"",""opening_hours"":""Mo-Sa 08:00-06:00"",""phone"":""0839351797"",""shop"":""convenience"",""website"":""http://miquafood.com""}"
4428417889,node,The Hungry Pig,,wlan,restaurant,,,10.7656371,106.6899653,,,,,,2019-09-12T16:33:29Z,,osm_overpass,"{""addr:housenumber"":""144"",""addr:street"":""Đường Cống Quỳnh"",""amenity"":""restaurant"",""cuisine"":""bagel;sandwich"",""internet_access"":""wlan"",""name:en"":""The Hungry Pig""}"
4447770491,node,Nhà Khách Ý Nhi,,wlan,,,,10.7674464,106.692672,,,,,,2022-05-17T03:09:10Z,,osm_overpass,"{""internet_access"":""wlan"",""name"":""Nhà Khách Ý Nhi"",""name:vi"":""Y Nhi Guesthouse"",""tourism"":""guest_house""}"
4453238789,node,Quán 163 Cyclo Bar,,wlan,bar,,,10.7692297,106.6942265,,,,,,2022-05-09T02:42:24Z,,osm_overpass,"{""addr:housenumber"":""163"",""addr:street"":""Đường Phạm Ngũ Lão"",""amenity"":""bar"",""internet_access"":""wlan"",""name"":""Quán 163 Cyclo Bar"",""name:vi"":""163 Cyclo Bar""}"
4453321310,node,Nhà Hàng Soul Burger,,wlan,restaurant,,,10.7724373,106.6988409,,,,,,2022-05-16T08:48:20Z,,osm_overpass,"{""addr:housenumber"":""4"",""addr:street"":""Phan Bội Châu"",""amenity"":""restaurant"",""cuisine"":""burger"",""email"":""soulburgersaigon@gmail.com"",""internet_access"":""wlan"",""name"":""Nhà Hàng Soul Burger"",""name:de"":""Soul Burger"",""name:en"":""Soul Burger"",""name:pl"":""Soul Burger"",""name:vi"":""Soul Burger""}"
4466741689,node,Cafe Lowther,,wlan,cafe,,,10.787386,106.6827402,,,,,,2016-10-27T18:19:12Z,,osm_overpass,"{""addr:housenumber"":""220/68"",""addr:street"":""Hẻm 220 Lê Văn Sỹ"",""amenity"":""cafe"",""internet_access"":""wlan"",""name:en"":""Cafe Lowther""}"
4479047489,node,Broscafe,,wlan,cafe,,,10.7862643,106.6954336,,,,,,2016-11-03T12:34:35Z,,osm_overpass,"{""addr:housenumber"":""213"",""addr:street"":""Nguyễn Văn Thủ"",""amenity"":""cafe"",""internet_access"":""wlan"",""name:en"":""Broscafe""}"
4542544789,node,Tiệm Salon Anh Đông,,wlan,,,,10.7808481,106.6718222,,,,Thành phố Hồ Chí Minh,,2022-05-16T04:53:17Z,,osm_overpass,"{""addr:city"":""Thành phố Hồ Chí Minh"",""addr:district"":""Quận 10"",""addr:street"":""Hẻm 493A/52 Cách mạng tháng 8"",""addr:subdistrict"":""Phường 13"",""email"":""tunghuynh977@gmail.com"",""internet_access"":""wlan"",""name"":""Tiệm Salon Anh Đông"",""opening_hours"":""Mo-Su 09:00-21:00"",""phone"":""01648370039"",""shop"":""hairdresser""}"
4547730293,node,,,wlan,,,,10.7721685,106.6830751,,,,,,2016-12-10T11:41:41Z,,osm_overpass,"{""addr:housenumber"":""20th 7th"",""addr:street"":""Ðường Số 4"",""internet_access"":""wlan"",""shop"":""hardware""}"
4558979190,node,Quán Pub Universal,,wlan,bar,,,10.7666964,106.6919464,,,,,,2022-05-10T02:23:09Z,,osm_overpass,"{""addr:housenumber"":""90-92"",""addr:street"":""Bùi Viện"",""amenity"":""bar"",""cuisine"":""italian_pizza;pasta;italian;mexican;international"",""email"":""universalpubsaigon@gmail.com"",""internet_access"":""wlan"",""name"":""Quán Pub Universal"",""opening_hours"":""24/7"",""phone"":""+841208872248""}"
4561370930,node,Lẩu Mắm Bà Dú,,wlan,restaurant,,Công Ty TNHH MTV An Quý,10.7927688,106.6913594,,,,,,2025-10-01T11:41:09Z,,osm_overpass,"{""addr:housenumber"":""19"",""addr:postcode"":""700000"",""addr:street"":""Trần Khắc Chân"",""amenity"":""restaurant"",""cuisine"":""vietnamese"",""email"":""masterphutran@gmail.com"",""internet_access"":""wlan"",""name"":""Lẩu Mắm Bà Dú"",""name:de"":""Lẩu Mắm Bà Du Vietnamese Cuisine"",""name:en"":""Vietnamese Cuisine Lẩu Mắm Bà Du"",""name:vi"":""Lẩu Mắm Bà Dú"",""opening_hours"":""Mo-Su 10:00-22:00"",""operator"":""Công Ty TNHH MTV An Quý"",""phone"":""84916489923"",""website"":""http://laumambadu.vn""}"
4564698792,node,Mon Hue,,wlan,restaurant,,,10.7777416,106.6913624,,,,,,2022-05-28T23:38:13Z,,osm_overpass,"{""amenity"":""restaurant"",""cuisine"":""vietnamese"",""internet_access"":""wlan"",""name:en"":""Mon Hue"",""website"":""https://www.nhahangmonhue.vn/""}"
4572628192,node,Phòng khám chuyên khoa Da Stamford,,wlan,doctors,,,10.7707455,106.6881632,,,,,,2024-06-24T14:26:45Z,,osm_overpass,"{""addr:housenumber"":""99"",""addr:postcode"":""70200"",""addr:street"":""Sương Nguyệt Anh"",""amenity"":""doctors"",""email"":""info@stamfordskin.com"",""healthcare"":""doctor"",""internet_access"":""wlan"",""name"":""Phòng khám chuyên khoa Da Stamford"",""name:en"":""Stamford Skin Centre"",""opening_hours"":""Mo-Sa 08:30-17:00"",""phone"":""0839251990"",""website"":""https://www.stamfordskin.com/""}"
4576658289,node,Phan Long Hotel,,wlan,,,,10.7722836,106.6938245,,,,,,2019-09-14T02:12:19Z,,osm_overpass,"{""addr:housenumber"":""6/18"",""addr:street"":""Đường Cách Mạng Tháng Tám"",""email"":""hoteltuananh168@gmail.com"",""internet_access"":""wlan"",""name:de"":""Phan Long Hotel"",""name:en"":""Phan Long Hotel"",""opening_hours"":""24/7"",""phone"":""+84838251561"",""tourism"":""hotel""}"
4583480189,node,Nhà Hàng Nam Giao,,wlan,restaurant,,,10.7746281,106.6982991,,,,,,2022-05-17T03:09:10Z,,osm_overpass,"{""amenity"":""restaurant"",""cuisine"":""regional"",""internet_access"":""wlan"",""name"":""Nhà Hàng Nam Giao"",""name:de"":""nam giao""}"
4583527381,node,Cà Phê Betta Fish,,yes,cafe,,,10.7651367,106.6993512,,,,Ho Chi Minh City,,2024-04-20T18:04:12Z,,osm_overpass,"{""addr:city"":""Ho Chi Minh City"",""addr:district"":""1"",""addr:housenumber"":""152"",""addr:street"":""Võ Văn Kiệt"",""addr:subdistrict"":""Nguyễn Thái Bình"",""amenity"":""cafe"",""cuisine"":""local"",""internet_access"":""yes"",""name"":""Cà Phê Betta Fish"",""opening_hours"":""06:00-22:00"",""outdoor_seating"":""yes"",""smoking"":""yes""}"
4585165895,node,The Road Trip,,wlan,cafe,,,10.7547,106.6600829,,,,,,2017-01-02T11:10:12Z,,osm_overpass,"{""amenity"":""cafe"",""cuisine"":""coffee_shop"",""internet_access"":""wlan"",""name:en"":""The Road Trip""}"
4585727871,node,Amitaba Cafe - Ẩm Thực Chay,,wlan,restaurant,,,10.7650602,106.6975009,,,,,,2025-09-18T12:13:37Z,,osm_overpass,"{""addr:housenumber"":""180"",""addr:street"":""Nguyen Duy Duong"",""air_conditioning"":""yes"",""amenity"":""restaurant"",""changing_table"":""no"",""cuisine"":""vietnamese"",""description"":""Vegetarian Food and Coffee"",""diet:gluten_free"":""yes"",""diet:halal"":""yes"",""diet:vegan"":""yes"",""diet:vegetarian"":""only"",""indoor_seating"":""yes"",""internet_access"":""wlan"",""name"":""Amitaba Cafe - Ẩm Thực Chay"",""name:en"":""Amitaba Cafe"",""opening_hours"":""Mo-Su 06:00-14:00,16:00-21:30"",""outdoor_seating"":""no"",""payment:credit_cards"":""yes"",""payment:debit_cards"":""yes"",""phone"":""+84 90 254 60 63"",""self_service"":""no"",""smoking"":""no"",""wheelchair"":""no""}"
4598094590,node,Khách Sạn Eden Garden,,wlan,,,,10.768162,106.6945829,,,,,,2024-12-14T16:01:29Z,,osm_overpass,"{""addr:postcode"":""70000"",""addr:street"":""18/12 Pham Ngu Lao Street, Pham Ngu Lao Ward, District 1, Ho Chi Minh City"",""email"":""saigonedengarden@gmail.com"",""internet_access"":""wlan"",""name"":""Khách Sạn Eden Garden"",""phone"":""+84 8 39204899"",""tourism"":""hotel"",""website"":""http://www.edengardenhotel.com""}"
4601742491,node,Khách Sạn Green Suites,,wlan,,,,10.7650428,106.6912251,,,,,,2022-04-16T12:53:55Z,,osm_overpass,"{""addr:housenumber"":""102/1"",""addr:street"":""Cống Quỳnh"",""email"":""sales@greensuiteshotel.com"",""internet_access"":""wlan"",""name"":""Khách Sạn Green Suites"",""name:en"":""Green Suites Hotel"",""phone"":""+84838365400"",""tourism"":""hotel"",""website"":""http://www.greensuiteshotel.com""}"
4621823489,node,Sen,,wlan,restaurant,,,10.7683111,106.6950326,,,,Ho Chi Minh City,,2025-02-08T04:05:39Z,,osm_overpass,"{""addr:city"":""Ho Chi Minh City"",""addr:housenumber"":""171"",""addr:street"":""Đường Nguyễn Thái Học"",""air_conditioning"":""yes"",""amenity"":""restaurant"",""check_date"":""2025-02-08"",""check_date:diet:vegan"":""2025-02-08"",""check_date:diet:vegetarian"":""2025-02-08"",""check_date:smoking"":""2025-02-08"",""contact:facebook"":""https://www.facebook.com/nhchaysen"",""contact:phone"":""+84 28 6278 2186"",""cuisine"":""vietnamese"",""diet:vegan"":""yes"",""diet:vegetarian"":""only"",""indoor_seating"":""yes"",""internet_access"":""wlan"",""name:en"":""Sen"",""opening_hours"":""09:00-14:00,17:00-22:00"",""outdoor_seating"":""no"",""smoking"":""no"",""wheelchair"":""no""}"
4623800198,node,Nhà Hàng Út Cà Mau,,wlan,restaurant,,Huỳnh Hoàng Thâm & Cao Xuân Khánh,10.7844093,106.6919069,,,,,,2025-03-29T05:56:41Z,,osm_overpass,"{""addr:housenumber"":""215"",""addr:postcode"":""70000"",""addr:street"":""215 Điện Biên Phủ, Ward 6, District 3"",""amenity"":""restaurant"",""check_date"":""2025-03-29"",""cuisine"":""vietnamese"",""email"":""utcamau512@gmail.com"",""internet_access"":""wlan"",""name"":""Nhà Hàng Út Cà Mau"",""opening_hours"":""Mo-Su 10:00-23:00"",""operator"":""Huỳnh Hoàng Thâm & Cao Xuân Khánh"",""phone"":""090 9795512"",""website"":""http://utcamau.com""}"
4635264574,node,Nhà Hàng Non La Guys,,wlan,restaurant,,,10.7682032,106.694152,,,,Ho Chi Minh City,,2024-04-20T18:04:12Z,,osm_overpass,"{""addr:city"":""Ho Chi Minh City"",""addr:district"":""Quận 1"",""addr:housenumber"":""24"",""addr:postcode"":""700000"",""addr:street"":""Hẻm 40 Bùi Viện"",""addr:subdistrict"":""Phường Phạm Ngũ Lão"",""amenity"":""restaurant"",""capacity"":""40"",""cuisine"":""asian;mexican;korean;local"",""delivery"":""yes"",""email"":""nonlaguys@gmail.com"",""internet_access"":""wlan"",""name"":""Nhà Hàng Non La Guys"",""name:de"":""ORYZA Viet Cuisine"",""name:ko"":""논라가이즈"",""opening_hours"":""Mo-Su 12:00-21:00"",""outdoor_seating"":""no"",""phone"":""+84-90 560 0090"",""smoking"":""outside"",""takeaway"":""yes"",""website"":""https://facebook.com/Nonlaguys"",""wheelchair"":""yes""}"
4636295589,node,TNT BBQ,,wlan,restaurant,,,10.7723192,106.6942003,,,,,,2024-11-07T14:59:46Z,,osm_overpass,"{""amenity"":""restaurant"",""cuisine"":""american"",""internet_access"":""wlan"",""name:en"":""TNT BBQ""}"
4675217599,node,Khách Sạn Thanh Long,,wlan,,,,10.7704304,106.650936,,,,,,2022-04-18T10:02:09Z,,osm_overpass,"{""addr:housenumber"":""262 Bis"",""addr:street"":""Âu Cơ. Quận 11"",""internet_access"":""wlan"",""name"":""Khách Sạn Thanh Long"",""name:en"":""thanh pho ho chi minh"",""opening_hours"":""24/7"",""tourism"":""hotel""}"
4675302892,node,Phòng Cho Thuê Phương Thanh,,wlan,,,,10.7636462,106.6597629,,,,,,2022-04-15T02:39:52Z,,osm_overpass,"{""addr:housenumber"":""Số nhà 833"",""addr:street"":""3 tháng 2"",""internet_access"":""wlan"",""name"":""Phòng Cho Thuê Phương Thanh"",""name:en"":""Phuong Thanh Motel"",""opening_hours"":""24/7"",""tourism"":""motel""}"
4675324989,node,Khách sạn Phương Vy,,wlan,,,,10.7629047,106.6584279,,,,,,2022-03-15T07:12:44Z,,osm_overpass,"{""addr:housenumber"":""Số Nhà 895"",""addr:street"":""3 Tháng 2"",""internet_access"":""wlan"",""name"":""Khách sạn Phương Vy"",""name:en"":""Phuong Vy Hotel"",""opening_hours"":""24/7"",""tourism"":""hotel""}"
4675324990,node,Khách Sạn Kim Hương,,wlan,,,,10.7592294,106.6562423,,,,,,2022-04-15T00:55:19Z,,osm_overpass,"{""addr:housenumber"":""Số nhà 122"",""addr:street"":""Đường Trần Quý"",""internet_access"":""wlan"",""name"":""Khách Sạn Kim Hương"",""name:en"":""tphcm"",""opening_hours"":""24/7"",""tourism"":""hotel""}"
4675325089,node,Khách sạn Phương Loan,,wlan,,,,10.763312,106.6591468,,,,,,2022-03-15T07:12:44Z,,osm_overpass,"{""addr:housenumber"":""Số Nhà 847"",""addr:street"":""3 Tháng 2"",""internet_access"":""wlan"",""name"":""Khách sạn Phương Loan"",""name:en"":""Phuong Loan Hotel"",""opening_hours"":""24/7"",""tourism"":""hotel""}"
4675861689,node,Cà Phê [a],,wlan,cafe,,,10.790421,106.69669,,,,,,2022-04-28T03:18:06Z,,osm_overpass,"{""addr:housenumber"":""15"",""addr:street"":""Huỳnh Khương Ninh"",""amenity"":""cafe"",""cuisine"":""tea;vietnamese;coffee_shop"",""internet_access"":""wlan"",""name"":""Cà Phê [a]"",""opening_hours"":""Mo-Su 07:30-18:30"",""phone"":""090 319 97 01"",""website"":""https://m.facebook.com/Acafein/""}"
4676482492,node,Nhà Hàng Út Cà Mau,,wlan,restaurant,,Huỳnh Hoàng Thâm & Cao Xuân Khánh,10.7618187,106.6808856,,,,,,2022-05-28T23:28:46Z,,osm_overpass,"{""addr:housenumber"":""512"",""addr:postcode"":""70000"",""addr:street"":""Đường Nguyễn Thị Minh Khai"",""amenity"":""restaurant"",""cuisine"":""vietnamese"",""email"":""utcamau512@gmail.com"",""internet_access"":""wlan"",""name"":""Nhà Hàng Út Cà Mau"",""name:en"":""UT CA MAU RESTAURANT"",""opening_hours"":""Mo-Su 10:00-23:00"",""operator"":""Huỳnh Hoàng Thâm & Cao Xuân Khánh"",""phone"":""0909795512"",""website"":""https://www.utcamau.com/""}"
4686181076,node,cty Tuấn Phương,,wlan,,,,10.7789412,106.6665855,,,,,,2022-10-21T05:02:55Z,,osm_overpass,"{""addr:housenumber"":""230"",""addr:street"":""Đường Tô Hiến Thành"",""internet_access"":""wlan"",""name"":""cty Tuấn Phương"",""shop"":""furniture""}"
4686802291,node,Quán Bar Winking Seal Bia,,wlan,bar,,,10.7690299,106.69696,,,,Ho Chi Minh City,,2024-04-20T18:04:12Z,,osm_overpass,"{""addr:city"":""Ho Chi Minh City"",""addr:housenumber"":""50"",""addr:street"":""Đường Ðặng Thị Nhu"",""amenity"":""bar"",""brewery"":""yes"",""cuisine"":""american;international"",""email"":""tapintocraft@winkingseal.com"",""internet_access"":""wlan"",""name"":""Quán Bar Winking Seal Bia"",""name:en"":""Winking Seal Beer Co. Taproom"",""opening_hours"":""Mo-Su 15:00-00:00"",""phone"":""096 6016446"",""website"":""https://winkingseal.com/""}"
4688384689,node,Sumo BBQ,,wlan,restaurant,,,10.7706899,106.6812507,,,,,,2022-10-21T05:02:55Z,,osm_overpass,"{""addr:housenumber"":""59B"",""addr:street"":""Cao Thắng"",""amenity"":""restaurant"",""internet_access"":""wlan"",""name"":""Sumo BBQ"",""name:vi"":""Sumo BBQ""}"
4689142589,node,Cà Phê Cafio,,wlan,cafe,,,10.7684996,106.6968797,,,,,,2022-05-10T03:42:25Z,,osm_overpass,"{""amenity"":""cafe"",""internet_access"":""wlan"",""name"":""Cà Phê Cafio""}"
4693374193,node,Cà Phê Fanny,,wlan,cafe,,,10.769282,106.6962621,,,,,,2022-05-12T08:28:44Z,,osm_overpass,"{""amenity"":""cafe"",""cuisine"":""crepe;ice_cream;coffee_shop"",""description"":""16 Dec 2018: closed (under construction)"",""internet_access"":""wlan"",""name"":""Cà Phê Fanny"",""opening_hours"":""Mo-Su 03:00-03:00"",""payment:cash"":""yes"",""payment:gift_card"":""yes"",""payment:jcb"":""yes"",""payment:mastercard"":""yes"",""payment:visa"":""yes""}"
4694584391,node,Cửa Hàng Spa Đan Thi,,wlan,,,,10.7984565,106.6783671,,,,,,2022-04-27T04:59:53Z,,osm_overpass,"{""addr:housenumber"":""73/12"",""addr:street"":""Hoàng Văn Thụ"",""internet_access"":""wlan"",""name"":""Cửa Hàng Spa Đan Thi"",""name:en"":""DAN THI SPA"",""opening_hours"":""Mo-Su 08:00-20:00"",""phone"":""0909991719"",""shop"":""beauty""}"
4702527500,node,Khách Sạn Thanh Vy,,wlan,,,,10.7704573,106.6508045,,,,,,2022-04-18T10:02:09Z,,osm_overpass,"{""addr:housenumber"":""Số nhà 61"",""addr:street"":""Âu Cơ"",""internet_access"":""wlan"",""name"":""Khách Sạn Thanh Vy"",""name:en"":""tphcm"",""opening_hours"":""24/7"",""tourism"":""hotel""}"
4703397492,node,Cheerful House,,wlan,,,,10.7704087,106.6938447,,,,,,2023-12-18T05:26:19Z,,osm_overpass,"{""addr:housenumber"":""14/3M"",""addr:street"":""Đường Nguyễn Thái Học"",""internet_access"":""wlan"",""name:en"":""Cheerful House"",""phone"":""+84 91 5534480"",""tourism"":""hotel""}"
4703402190,node,Golden Wind Hotel,,wlan,,,,10.7681141,106.692969,,,,,,2017-02-24T12:27:05Z,,osm_overpass,"{""internet_access"":""wlan"",""name:en"":""Golden Wind Hotel"",""tourism"":""hotel""}"
4703421190,node,Huong Viet Restaurant,,wlan,restaurant,,,10.7671859,106.6935902,,,,,,2017-02-24T17:42:52Z,,osm_overpass,"{""amenity"":""restaurant"",""cuisine"":""vietnamese;local;western;mexican"",""internet_access"":""wlan"",""name:en"":""Huong Viet Restaurant""}"
4713002589,node,Khách Sạn Beautiful Saigon 3,,wlan,,,,10.7681309,106.6941523,,,,,,2022-05-09T06:48:50Z,,osm_overpass,"{""internet_access"":""wlan"",""name"":""Khách Sạn Beautiful Saigon 3"",""name:vi"":""Beautiful Saigón 3 Hotel"",""tourism"":""hotel""}"
4714346191,node,Khách Sạn Saigon Backpackers,,wlan,,,,10.7666131,106.689742,,,,,,2022-04-16T12:53:55Z,,osm_overpass,"{""internet_access"":""wlan"",""name"":""Khách Sạn Saigon Backpackers"",""tourism"":""hostel""}"
4716032289,node,Khách Sạn Le Le,,wlan,,,,10.7689685,106.6941923,,,,,,2022-05-12T07:53:55Z,,osm_overpass,"{""addr:housenumber"":""171"",""addr:street"":""Đường Phạm Ngũ Lão"",""internet_access"":""wlan"",""name"":""Khách Sạn Le Le"",""name:vi"":""Le Le Hotel"",""tourism"":""hotel""}"
4716084691,node,thuận đức,,wlan,,,,10.7678112,106.6929571,,,,,,2022-10-03T17:20:53Z,,osm_overpass,"{""addr:housenumber"":""219/26"",""addr:street"":""Pham Ngu Lao, Stadtbezirk 1"",""internet_access"":""wlan"",""name"":""thuận đức"",""name:en"":""Thuan Duc Hotel"",""tourism"":""hotel""}"
4716460189,node,Sainte Coffee,,wlan,cafe,,,10.7690558,106.6968165,,,,,,2017-03-04T13:02:36Z,,osm_overpass,"{""amenity"":""cafe"",""internet_access"":""wlan"",""name:en"":""Sainte Coffee""}"
4737528521,node,Luci's house Hostel,,wlan,,,,10.7693881,106.6910069,,,,,,2017-03-16T06:11:21Z,,osm_overpass,"{""addr:housenumber"":""174/4"",""addr:street"":""Lê Lai"",""internet_access"":""wlan"",""name:en"":""Luci's house Hostel"",""opening_hours"":""24/7"",""phone"":""+841292439174"",""tourism"":""hostel""}"
4737705428,node,Khách Sạn - Bar SIGOONG,,wlan,,,,10.7642722,106.6953956,,,,Ho Chi Minh City,,2022-04-16T09:22:08Z,,osm_overpass,"{""addr:district"":""Quan 1"",""addr:housenumber"":""92"",""addr:postcode"":""70000"",""addr:province"":""Ho Chi Minh City"",""addr:street"":""Ðề Thám"",""addr:subdistrict"":""Cầu Ông Lãnh"",""internet_access"":""wlan"",""internet_access:fee"":""no"",""name"":""Khách Sạn - Bar SIGOONG"",""smoking"":""outside"",""tourism"":""hostel""}"
4738136823,node,Khách Sạn Hoàng Nam,,wlan,,,,10.7523812,106.6670749,,,,,,2022-04-21T05:54:53Z,,osm_overpass,"{""addr:housenumber"":""111"",""addr:street"":""Đường Trần Hưng Ðạo"",""building"":""yes"",""internet_access"":""wlan"",""internet_access:fee"":""no"",""name"":""Khách Sạn Hoàng Nam"",""name:vi"":""Hoang Nam Hôtel"",""tourism"":""hotel""}"
4767366626,node,Khách Sạn Phong Phú,,wlan,,,,10.7639963,106.6618047,,,,,,2022-04-15T02:39:52Z,,osm_overpass,"{""internet_access"":""wlan"",""name"":""Khách Sạn Phong Phú"",""name:vi"":""Phong Phú"",""tourism"":""hotel""}"
4768905043,node,Ky Na,,wlan,,,,10.7578896,106.6535177,,,,,,2017-04-01T04:32:18Z,,osm_overpass,"{""internet_access"":""wlan"",""name:en"":""Ky Na"",""tourism"":""hotel""}"
4770705423,node,Khách Sạn Tyna,,wlan,,,,10.7637329,106.6954621,,,,,,2022-04-16T12:53:55Z,,osm_overpass,"{""addr:housenumber"":""50"",""addr:street"":""Đường Cô Giang"",""internet_access"":""wlan"",""name"":""Khách Sạn Tyna"",""tourism"":""hotel""}"
4781333222,node,Vy da Backpacker 2,,wlan,,,,10.7654622,106.6954373,,,,,,2018-03-05T16:56:45Z,,osm_overpass,"{""internet_access"":""wlan"",""name:en"":""Vy da Backpacker 2"",""tourism"":""hostel""}"
4791195622,node,Cà Phê StoryM,,wlan,cafe,,,10.7939098,106.6895222,,,,,,2025-07-12T14:09:01Z,,osm_overpass,"{""addr:street"":""Trần Nhật Duật"",""amenity"":""cafe"",""cuisine"":""vietnamese;american;tea;coffee_shop"",""internet_access"":""wlan"",""name"":""Cà Phê StoryM""}"
4815270223,node,Khách Sạn Saigon Backpackers - Cống Quỳnh,,wlan,,,,10.7663255,106.6894493,,,,Ho Chi Minh City,,2024-04-20T18:04:12Z,,osm_overpass,"{""addr:city"":""Ho Chi Minh City"",""addr:district"":""Quan 1"",""addr:housenumber"":""200"",""addr:street"":""Đường Cống Quỳnh"",""addr:subdistrict"":""phường phạm ngũ lão"",""email"":""sgbackpackershostel2@gmail.com"",""internet_access"":""wlan"",""internet_access:fee"":""no"",""name"":""Khách Sạn Saigon Backpackers - Cống Quỳnh"",""phone"":""(+84) 8 3920 9643"",""tourism"":""hostel"",""url"":""http://www.saigonbackpackershostel.com/member/cong-quynh/""}"
4824316023,node,Cà Phê Oto,,wlan,cafe,,,10.7861339,106.6845894,,,,,,2022-05-18T07:07:20Z,,osm_overpass,"{""addr:housenumber"":""148EF"",""addr:street"":""Lý Chính Thắng"",""amenity"":""cafe"",""cuisine"":""coffee_shop"",""email"":""linhdung2304@gmail.com"",""internet_access"":""wlan"",""name"":""Cà Phê Oto"",""website"":""http://www.facebook.com/otocoffe""}"
4831809622,node,Khách Sạn California,,wlan,,,Tom Crawford,10.7625023,106.6927382,,,,,,2022-04-17T00:46:17Z,,osm_overpass,"{""addr:street"":""Hẻm 171 Cô Bắc"",""email"":""guesthousecaliforniasaigon@yahoo.com"",""internet_access"":""wlan"",""name"":""Khách Sạn California"",""opening_hours"":""24/7"",""operator"":""Tom Crawford"",""phone"":""+840838378885"",""tourism"":""hotel""}"
4833949221,node,Cửa Hàng Di Động Viettel,,wlan,,,,10.7636349,106.6912768,,,,,,2026-04-23T09:26:18Z,Viettel,osm_overpass,"{""addr:housenumber"":""166"",""addr:street"":""Đường Trần Hưng Ðạo"",""internet_access"":""wlan"",""name"":""Cửa Hàng Di Động Viettel"",""name:en"":""Viettel Telecom Store"",""name:vi"":""Viettel"",""opening_hours"":""Mo-Su 08:00-20:00"",""shop"":""mobile_phone"",""website"":""https://viettel.com.vn/vi""}"
4835913121,node,Bánh Canh Trảng Bàng Cô Ba,,wlan,restaurant,,BÁNH CANH TRẢNG BÀNG CÔ BA,10.7963491,106.6859114,,,,,,2022-04-27T06:57:47Z,,osm_overpass,"{""addr:housenumber"":""269 - 271"",""addr:street"":""Hoàng Sa"",""amenity"":""restaurant"",""cuisine"":""fine_dining;breakfast;deli;diner;asian"",""internet_access"":""wlan"",""name"":""Bánh Canh Trảng Bàng Cô Ba"",""opening_hours"":""Mo-Su 07:00-22:00"",""operator"":""BÁNH CANH TRẢNG BÀNG CÔ BA"",""phone"":""38481648""}"
4841251220,node,Khách Sạn Snow House,,wlan,,,Snow House Hostel,10.7666652,106.6897823,,,,HoChiMinh Cit,,2022-04-16T12:53:55Z,,osm_overpass,"{""addr:city"":""HoChiMinh Cit"",""addr:housenumber"":""373/19"",""addr:postcode"":""70000"",""addr:street"":""Hẻm 373 Phạm Ngũ Lão"",""addr:subdistrict"":""phường phạm ngũ lão"",""description"":""This is a very good hostel."",""internet_access"":""wlan"",""name"":""Khách Sạn Snow House"",""name:vi"":""Snow House Hostel"",""operator"":""Snow House Hostel"",""rooms"":""5"",""smoking"":""outside"",""tourism"":""hostel""}"
4846792121,node,Minnie & Beau Hotel,,wlan,,,,10.7680268,106.6930627,,,,,,2019-09-11T22:36:54Z,,osm_overpass,"{""addr:housenumber"":""217/34/6"",""addr:street"":""Đường Ðề Thám"",""email"":""tungn1603@gmail.com"",""internet_access"":""wlan"",""name:en"":""Minnie & Beau Hotel"",""phone"":""0909271618"",""tourism"":""hotel""}"
4855613962,node,Khách Sạn Little Brick,,wlan,,,,10.7721864,106.6903094,,,,Saigon,,2022-05-09T03:33:45Z,,osm_overpass,"{""addr:city"":""Saigon"",""addr:district"":""Quan 1"",""addr:housenumber"":""18"",""addr:street"":""Bùi Thị Xuân"",""description"":""Newly renovated 2-star hotel"",""internet_access"":""wlan"",""internet_access:fee"":""no"",""name"":""Khách Sạn Little Brick"",""phone"":""84 8 39253738"",""smoking"":""outside"",""tourism"":""hotel""}"
4863766622,node,BiaCraft Artisan Ales,,wlan,pub,,,10.7763212,106.6855871,,,,,,2019-03-30T22:14:39Z,,osm_overpass,"{""addr:housenumber"":""1"",""addr:street"":""Lê Ngô Cát"",""amenity"":""pub"",""cuisine"":""burger;american"",""internet_access"":""wlan"",""name:en"":""BiaCraft Artisan Ales"",""opening_hours"":""Mo-Su 11:00-00:00"",""phone"":""+84839330903"",""website"":""https://biacraft.com/""}"
4869310921,node,Cà Phê Snob,,wlan,cafe,,,10.7666766,106.6944217,,,,,,2022-05-19T07:58:11Z,,osm_overpass,"{""addr:housenumber"":""147A"",""addr:postcode"":""700000"",""addr:street"":""Đường Trần Hưng Ðạo"",""amenity"":""cafe"",""cuisine"":""coffee_shop"",""internet_access"":""wlan"",""name"":""Cà Phê Snob"",""opening_hours"":""24/7""}"
4882461221,node,Cà Phê Language Exchange,,wlan,cafe,,Minh,10.7899533,106.67914,,,,,,2022-04-27T03:42:04Z,,osm_overpass,"{""amenity"":""cafe"",""cuisine"":""coffee_shop"",""internet_access"":""wlan"",""name"":""Cà Phê Language Exchange"",""opening_hours"":""Mo-Su 08:00-22:00"",""operator"":""Minh"",""phone"":""+84909724314""}"
4886670021,node,Cà Phê Xì Gòn Phố,,wlan,cafe,,Xì Gòn Phố,10.7743249,106.6691061,,,,,,2022-05-26T04:22:28Z,,osm_overpass,"{""addr:housenumber"":""796/19"",""addr:postcode"":""700000"",""addr:street"":""Sư Vạn Hạnh"",""amenity"":""cafe"",""cuisine"":""crepe;cake;coffee_shop"",""email"":""xigonpho@gmail.com"",""internet_access"":""wlan"",""name"":""Cà Phê Xì Gòn Phố"",""name:en"":""Xi Gon Pho Cafe"",""name:vi"":""Xì Gòn Phố Cafe"",""opening_hours"":""Mo-Su 08:30-22:00"",""operator"":""Xì Gòn Phố"",""phone"":""0968840968"",""website"":""http://www.xigonpho.com""}"
4896549721,node,Quán Misaki Coffee & Sushi Box,,wlan,fast_food,,,10.7747072,106.6621826,,,,,,2022-05-17T02:17:57Z,,osm_overpass,"{""addr:street"":""Đường Tô Hiến Thành"",""amenity"":""fast_food"",""internet_access"":""wlan"",""name"":""Quán Misaki Coffee & Sushi Box""}"
4903854231,node,Cho Thuê Căn Hộ Khách Sạn An Nhiên 1,,wlan,,,,10.7913245,106.6976414,,,,,,2022-04-28T03:18:06Z,,osm_overpass,"{""addr:housenumber"":""62/9"",""addr:street"":""Ðiện Biên Phủ"",""internet_access"":""wlan"",""name"":""Cho Thuê Căn Hộ Khách Sạn An Nhiên 1"",""name:vi"":""An Nhien Hotel Apartment 1"",""tourism"":""hotel""}"
4906272321,node,,,wlan,shelter,,,10.7734866,106.6856861,,,,,,2017-06-09T16:59:02Z,,osm_overpass,"{""amenity"":""shelter"",""internet_access"":""wlan""}"
4908284622,node,Cà Phê Và Board Game,,wlan,cafe,,,10.7672286,106.6964802,,,,,,2022-05-10T02:23:09Z,,osm_overpass,"{""addr:housenumber"":""21"",""addr:street"":""Trịnh Văn Cấn"",""amenity"":""cafe"",""internet_access"":""wlan"",""name"":""Cà Phê Và Board Game""}"
4919148221,node,Khách Sạn Bed Station,,wlan,,,,10.7668813,106.6937385,,,,,,2022-05-09T09:37:43Z,,osm_overpass,"{""addr:housenumber"":""35/6"",""addr:street"":""Bùi Viện"",""internet_access"":""wlan"",""name"":""Khách Sạn Bed Station"",""name:vi"":""Bed Station Hostel Correct"",""tourism"":""hostel""}"
4921560321,node,Khách Sạn Graceful Saigon,,wlan,,,,10.7670171,106.6931591,,,,,,2022-05-13T02:44:01Z,,osm_overpass,"{""addr:housenumber"":""63"",""addr:street"":""Đường Bùi Viện"",""internet_access"":""wlan"",""name"":""Khách Sạn Graceful Saigon"",""tourism"":""hostel""}"
4928829323,node,Starbucks,,wlan,cafe,,,10.7710508,106.6939121,,,,,,2026-05-04T08:39:43Z,,osm_overpass,"{""air_conditioning"":""yes"",""amenity"":""cafe"",""branch"":""New World"",""brand"":""Starbucks"",""brand:wikidata"":""Q37158"",""check_date"":""2026-05-04"",""check_date:opening_hours"":""2026-05-04"",""cuisine"":""coffee_shop"",""food"":""snacks"",""indoor_seating"":""yes"",""internet_access"":""wlan"",""internet_access:fee"":""no"",""level"":""0"",""name"":""Starbucks"",""name:en"":""Starbucks"",""name:ja"":""スターバックス"",""name:vi"":""Starbucks"",""official_name"":""Starbucks Coffee"",""opening_hours"":""Mo-Su 06:30-00:00"",""outdoor_seating"":""yes"",""payment:cash"":""no"",""payment:contactless"":""yes"",""payment:credit_cards"":""yes"",""payment:debit_cards"":""yes"",""takeaway"":""yes"",""toilets"":""yes"",""toilets:access"":""customers"",""toilets:wheelchair"":""no"",""wheelchair"":""no""}"
4934692021,node,Khách Sạn Bùi Viện,,wlan,,,,10.7656473,106.690953,,,,,,2022-04-17T00:46:17Z,,osm_overpass,"{""internet_access"":""wlan"",""name"":""Khách Sạn Bùi Viện"",""name:vi"":""Bui Vien Hostel"",""tourism"":""hostel""}"
4982337921,node,Khách Sạn & Cafe Like,,wlan,,,Thich Tran,10.770278,106.6897844,,,,,,2022-05-20T08:56:11Z,,osm_overpass,"{""addr:housenumber"":""37"",""addr:street"":""Hẻm 150 Nguyễn Trãi"",""email"":""likesaigon2017@gmail.com"",""internet_access"":""wlan"",""name"":""Khách Sạn & Cafe Like"",""name:en"":""The Like Hostel & Cafe"",""name:fr"":""The Like Hostel & Cafe"",""name:nl"":""The Like Hostel & Cafe"",""name:vi"":""The Like Like Hostel & Cafe"",""opening_hours"":""24/7"",""operator"":""Thich Tran"",""phone"":""0084873056767"",""tourism"":""hostel"",""website"":""https://www.facebook.com/Like-Hostel-Cafe-1856085248051410/""}"
4994992823,node,Cà Phê FM,,wlan,cafe,,,10.7787422,106.6626231,,,,,,2022-05-12T08:28:44Z,,osm_overpass,"{""addr:street"":""Đồng Nai"",""amenity"":""cafe"",""internet_access"":""wlan"",""name"":""Cà Phê FM""}"
4999109723,node,Mach's Gym,,wlan,,,,10.7754138,106.6951559,,,,,,2017-07-28T06:52:10Z,,osm_overpass,"{""internet_access"":""wlan"",""leisure"":""fitness_centre"",""name:en"":""Mach's Gym"",""opening_hours"":""Mo-Su 07:00-22:30""}"
5001507622,node,Phố Nhật Quán,,wlan,restaurant,,,10.7653734,106.6968847,,,,,,2022-04-16T12:53:55Z,,osm_overpass,"{""addr:housenumber"":""39"",""addr:postcode"":""70000"",""addr:street"":""Đường Nguyễn Thái Học"",""amenity"":""restaurant"",""cuisine"":""ramen;soba;curry;sushi;asian;japanese;grill;seafood;fish;diner"",""email"":""phonhat.sushi@gmail.com"",""internet_access"":""wlan"",""name"":""Phố Nhật Quán"",""name:en"":""Sushi Pho Nhat"",""opening_hours"":""Mo-Su 09:00-23:00"",""phone"":""02822499888"",""website"":""http://phonhat.com""}"
5002494221,node,Cửa Hàng Xe Đạp Lê Hoàng Probike,,wlan,,,,10.7775008,106.678611,,,,,,2022-05-16T04:53:17Z,,osm_overpass,"{""addr:housenumber"":""62-64"",""addr:street"":""hẻm 283 CMT8"",""internet_access"":""wlan"",""name"":""Cửa Hàng Xe Đạp Lê Hoàng Probike"",""opening_hours"":""Mo-Su 08:30-18:00"",""shop"":""bicycle"",""website"":""http://thichxedap.com""}"
5003536405,node,Highlands Coffee,,wlan,cafe,,,10.7882519,106.6852952,,,,,,2025-11-16T05:07:46Z,,osm_overpass,"{""amenity"":""cafe"",""brand"":""Highlands Coffee"",""brand:wikidata"":""Q5759361"",""check_date"":""2025-11-16"",""cuisine"":""coffee_shop;vietnamese"",""internet_access"":""wlan"",""internet_access:fee"":""customers"",""name"":""Highlands Coffee"",""name:en"":""Highlands Coffee"",""payment:cash"":""yes"",""payment:credit_cards"":""yes"",""payment:debit_cards"":""yes"",""takeaway"":""yes"",""wheelchair"":""yes""}"
5003536418,node,Nhà Hàng Bông Súng,,wlan,restaurant,,,10.7782363,106.6990416,,,,,,2024-12-14T16:37:03Z,,osm_overpass,"{""air_conditioning"":""yes"",""amenity"":""restaurant"",""cuisine"":""vietnamese;asian"",""diet:vegan"":""yes"",""internet_access"":""wlan"",""internet_access:fee"":""no"",""level"":""0;1"",""name"":""Nhà Hàng Bông Súng"",""toilets"":""yes"",""toilets:access"":""customers""}"
5004072822,node,Cà Phê The Yellow Chair Specialty,,wlan,cafe,,,10.7780582,106.6908927,,,,,,2022-05-20T09:24:46Z,,osm_overpass,"{""addr:housenumber"":""48C"",""addr:postcode"":""70048"",""addr:street"":""Hẻm 46 Võ Văn Tần"",""amenity"":""cafe"",""cuisine"":""ice_cream;tea;cake;friture;coffee_shop"",""internet_access"":""wlan"",""name"":""Cà Phê The Yellow Chair Specialty"",""opening_hours"":""Mo-Su 08:00-22:00"",""phone"":""+84839305509""}"
5005415321,node,,,wlan,fast_food,,,10.7631205,106.6925919,,,,,,2017-07-31T16:15:01Z,,osm_overpass,"{""amenity"":""fast_food"",""cuisine"":""seafood"",""internet_access"":""wlan""}"
5027272024,node,Cửa Hàng Tóc Giả Sài Gòn,,wlan,,,,10.7969808,106.6776987,,,,,,2024-07-13T23:12:47Z,,osm_overpass,"{""addr:housenumber"":""130D"",""addr:postcode"":""76000"",""addr:street"":""Trần Huy Liệu"",""internet_access"":""wlan"",""name"":""Cửa Hàng Tóc Giả Sài Gòn"",""opening_hours"":""Mo-Su 08:30-20:00"",""phone"":""0912003003"",""shop"":""hairdresser"",""website"":""https://www.tocsaigon.vn/""}"
5033848321,node,Khách Sạn Platinum,,wlan,,,,10.7719161,106.6955768,,,,,,2022-05-19T02:14:38Z,,osm_overpass,"{""addr:housenumber"":""270"",""addr:street"":""Lê Thánh Tôn"",""internet_access"":""wlan"",""name"":""Khách Sạn Platinum"",""name:vi"":""Platinum Hotel"",""tourism"":""hotel""}"
5037856321,node,Cà Phê Snob,,wlan,cafe,,,10.7700226,106.6862092,,,,,,2022-05-19T07:58:11Z,,osm_overpass,"{""amenity"":""cafe"",""internet_access"":""wlan"",""name"":""Cà Phê Snob"",""opening_hours"":""24/7""}"
5068379221,node,Cà Phê Ichi Cat,,wlan,cafe,,,10.7912198,106.6891855,,,,,,2022-04-28T02:31:17Z,,osm_overpass,"{""amenity"":""cafe"",""internet_access"":""wlan"",""name"":""Cà Phê Ichi Cat"",""name:vi"":""Ichi Cat Cafe""}"
5140881021,node,Cà Phê Cũ,,wlan,cafe,,,10.7999408,106.6592725,,,,,,2022-04-26T07:26:21Z,,osm_overpass,"{""addr:street"":""23 Nguyễn Thái Bình, Q. Tân Bình"",""amenity"":""cafe"",""internet_access"":""wlan"",""name"":""Cà Phê Cũ""}"
5153138521,node,Cửa Hàng Thể Thao U.Best House,,wlan,,,,10.7673918,106.6946476,,,,,,2022-05-25T07:32:35Z,,osm_overpass,"{""addr:housenumber"":""22"",""addr:street"":""Đường Trần Hưng Ðạo"",""internet_access"":""wlan"",""name"":""Cửa Hàng Thể Thao U.Best House"",""name:en"":""U.Best House Outdoor and Camping Equipment"",""opening_hours"":""Mo-Su 08:00-22:30"",""phone"":""0936778187"",""shop"":""outdoor"",""website"":""https://ubesthouse.com/""}"
5169110221,node,Tabac,,wlan,cafe,,,10.7671135,106.6893947,,,,,,2019-09-12T16:54:54Z,,osm_overpass,"{""addr:housenumber"":""367"",""addr:street"":""Đường Phạm Ngũ Lão"",""amenity"":""cafe"",""internet_access"":""wlan"",""name:en"":""Tabac""}"
5177410121,node,Khách Sạn Lê Duy,,wlan,,,,10.7705422,106.694011,,,,,,2022-05-16T04:53:17Z,,osm_overpass,"{""addr:housenumber"":""18-20"",""addr:street"":""Đường Nguyễn Thái Học"",""internet_access"":""wlan"",""name"":""Khách Sạn Lê Duy"",""opening_hours"":""24/7"",""tourism"":""hotel""}"
5179756421,node,Khách Sạn Lala,,wlan,,,,10.7666012,106.6898714,,,,,,2022-04-16T12:53:55Z,,osm_overpass,"{""addr:housenumber"":""373/30"",""addr:street"":""Hẻm 373 Phạm Ngũ Lão"",""internet_access"":""wlan"",""name"":""Khách Sạn Lala"",""opening_hours"":""24/7"",""tourism"":""hostel""}"
5181352522,node,Cà Phê Nguyên Chất,,wlan,cafe,,,10.7919166,106.672422,,,,,,2022-04-26T03:38:49Z,,osm_overpass,"{""addr:housenumber"":""417"",""addr:street"":""Huỳnh Văn Bánh"",""amenity"":""cafe"",""internet_access"":""wlan"",""name"":""Cà Phê Nguyên Chất"",""opening_hours"":""24/7"",""phone"":""0939628228""}"
5205872924,node,Cửa Hàng Xăm Spade Art,,wlan,,,,10.7719312,106.6951286,,,,,,2022-05-19T07:58:11Z,,osm_overpass,"{""addr:housenumber"":""1st Floor - 41"",""addr:postcode"":""700000"",""addr:street"":""Đường Lê Anh Xuân"",""email"":""spadeartstudio@gmail.com"",""internet_access"":""wlan"",""name"":""Cửa Hàng Xăm Spade Art"",""opening_hours"":""Mo-Su 11:00-00:00"",""shop"":""tattoo"",""website"":""http://spadeart.tattoo""}"
5234210521,node,Cà Phê Cao Nguyên,,wlan,cafe,,,10.7647297,106.6906483,,,,,,2022-04-17T00:46:17Z,,osm_overpass,"{""addr:street"":""Nguyễn Cư Trinh"",""amenity"":""cafe"",""internet_access"":""wlan"",""name"":""Cà Phê Cao Nguyên""}"
5244079022,node,Nhà Hàng Phúc Quang Chay,,wlan,restaurant,,,10.770467,106.6908778,,,,,,2022-05-18T10:07:27Z,,osm_overpass,"{""amenity"":""restaurant"",""cuisine"":""asian;vietnamese"",""diet:dairy_free"":""yes"",""diet:gluten_free"":""yes"",""diet:lacto_vegetarian"":""no"",""diet:lactose_free"":""yes"",""diet:pescetarian"":""no"",""diet:raw"":""yes"",""diet:vegan"":""only"",""diet:vegetarian"":""only"",""internet_access"":""wlan"",""internet_access:fee"":""no"",""name"":""Nhà Hàng Phúc Quang Chay"",""name:en"":""Phuc Quang Chay Vegan restaurant"",""opening_hours"":""Mo-Su 16:00-21:00"",""smoking"":""outside"",""toilets"":""yes"",""toilets:access"":""customers"",""wheelchair"":""no""}"
5246987522,node,Veggie Saigon vegetarian restaurant,,wlan,restaurant,,,10.769995,106.6936045,,,,,,2017-11-25T11:21:45Z,,osm_overpass,"{""amenity"":""restaurant"",""internet_access"":""wlan"",""name:en"":""Veggie Saigon vegetarian restaurant""}"
5265665721,node,Saigon Ink,,wlan,,,,10.7673235,106.6945608,,,,,,2022-05-28T23:37:26Z,,osm_overpass,"{""addr:housenumber"":""26"",""addr:street"":""Đường Trần Hưng Ðạo"",""email"":""info@saigonink.net"",""internet_access"":""wlan"",""name:en"":""Saigon Ink"",""phone"":""+8438361090"",""shop"":""tattoo"",""website"":""https://www.saigonink.net/""}"
5267154421,node,Khách Sạn K2,,wlan,,,,10.7658748,106.6910519,,,,,,2022-04-16T09:22:08Z,,osm_overpass,"{""addr:housenumber"":""193"",""addr:street"":""Đường Bùi Viện"",""internet_access"":""wlan"",""name"":""Khách Sạn K2"",""tourism"":""hostel""}"
5277476322,node,Vietnam Guide Home,,wlan,,,,10.7620977,106.6883174,,,,,,2024-10-29T07:22:02Z,,osm_overpass,"{""addr:housenumber"":""6"",""addr:street"":""Hẻm 103 Trần Ðình Xu"",""internet_access"":""wlan"",""name:en"":""Vietnam Guide Home"",""tourism"":""guest_house""}"
5289048828,node,Cà Phê The Note,,wlan,restaurant,,,10.765998,106.6911254,,,,,,2022-04-16T09:22:08Z,,osm_overpass,"{""amenity"":""restaurant"",""internet_access"":""wlan"",""name"":""Cà Phê The Note""}"
5290098121,node,Cà Phê F.r.i.e.n.d.s,,wlan,cafe,,,10.7736665,106.6977599,,,,,,2022-05-12T08:28:44Z,,osm_overpass,"{""addr:housenumber"":""24/8"",""addr:street"":""Hẻm Thủ Khoa Huân"",""amenity"":""cafe"",""cuisine"":""cake;breakfast;grill;coffee_shop"",""email"":""nhithaonguyen95@gmail.com"",""internet_access"":""wlan"",""name"":""Cà Phê F.r.i.e.n.d.s"",""opening_hours"":""Mo-Su 09:00-00:00"",""phone"":""+84909502530"",""website"":""http://facebook.com/saigonfriendscafe""}"
5291462621,node,Khách Sạn Thanh Liêm,,wlan,,,,10.7677464,106.6933762,,,,,,2022-05-19T07:58:11Z,,osm_overpass,"{""addr:housenumber"":""217/19"",""addr:street"":""Đường Ðề Thám"",""internet_access"":""wlan"",""name"":""Khách Sạn Thanh Liêm"",""phone"":""0908144333"",""tourism"":""hotel""}"
5306526021,node,Khách Sạn Ngọc Linh 2,,wlan,,,,10.7670212,106.6907062,,,,,,2022-05-17T04:54:18Z,,osm_overpass,"{""internet_access"":""wlan"",""name"":""Khách Sạn Ngọc Linh 2"",""tourism"":""hotel""}"
5308161122,node,Khách Sạn Cao Sơn,,wlan,,,,10.7976719,106.6902386,,,,,,2022-04-28T03:18:06Z,,osm_overpass,"{""addr:housenumber"":""212"",""addr:street"":""Phan Xích Long"",""internet_access"":""wlan"",""name"":""Khách Sạn Cao Sơn"",""tourism"":""hotel""}"
5308616321,node,Đại Lý Internet Game One,,,internet_cafe,,,10.7974,106.6890401,,,,,,2024-11-01T08:52:48Z,,osm_overpass,"{""amenity"":""internet_cafe"",""name"":""Đại Lý Internet Game One"",""opening_hours"":""24/7""}"
5309728723,node,VIETPHIN COFFEE,,wlan,cafe,,,10.7728466,106.6906426,,,,,,2019-09-14T02:12:19Z,,osm_overpass,"{""addr:housenumber"":""89b"",""addr:street"":""Đường Cách Mạng Tháng Tám"",""amenity"":""cafe"",""cuisine"":""coffee_shop"",""internet_access"":""wlan"",""name:en"":""VIETPHIN COFFEE""}"
5312899621,node,paris baguette cafe,,wlan,cafe,,,10.7682417,106.6842178,,,,,,2018-07-31T04:08:55Z,,osm_overpass,"{""amenity"":""cafe"",""internet_access"":""wlan"",""name:en"":""paris baguette cafe""}"
5316003321,node,Ngoc hue,,wlan,restaurant,,,10.762326,106.6927709,,,,,,2018-01-02T07:43:57Z,,osm_overpass,"{""amenity"":""restaurant"",""cuisine"":""burger;sandwich;international;tea;seafood;coffee_shop;asian;pasta;noodles;pancake;pizza;vietnamese"",""internet_access"":""wlan"",""name:en"":""Ngoc hue"",""shop"":""supermarket"",""tourism"":""hotel""}"
5317654421,node,Happy Homes,,wlan,,,,10.7617636,106.6921785,,,,,,2023-10-20T00:16:17Z,,osm_overpass,"{""internet_access"":""wlan"",""name:en"":""Happy Homes"",""tourism"":""apartment"",""website"":""https://happyhomes.vn/""}"
5319196721,node,Viva Star Coffee,,wlan,cafe,,,10.7623761,106.6939935,,,,,,2018-02-17T06:29:00Z,,osm_overpass,"{""addr:housenumber"":""144"",""addr:street"":""Cô Giang"",""amenity"":""cafe"",""internet_access"":""wlan"",""name:en"":""Viva Star Coffee"",""phone"":""0966077088""}"
5324090929,node,Nhà Hàng Lẩu và Nướng Grill Riverside,,wlan,restaurant,,,10.7939164,106.6862258,,,,,,2022-04-27T04:24:05Z,,osm_overpass,"{""addr:housenumber"":""357 - 359"",""addr:postcode"":""79000"",""addr:street"":""Hoàng Sa"",""amenity"":""restaurant"",""internet_access"":""wlan"",""name"":""Nhà Hàng Lẩu và Nướng Grill Riverside"",""opening_hours"":""Mo-Su 10:00-00:00"",""phone"":""0938022123"",""website"":""http://grillriverside.vn""}"
5330376621,node,Khách Sạn Hoàng Ngân,,wlan,,,,10.7714947,106.6900677,,,,,,2022-05-28T23:28:50Z,,osm_overpass,"{""addr:housenumber"":""29-31"",""addr:street"":""Bùi Thị Xuân"",""internet_access"":""wlan"",""name"":""Khách Sạn Hoàng Ngân"",""phone"":""08 3925 1879"",""tourism"":""hotel"",""website"":""https://www.hoangnganhotel.com.vn/""}"
5331271922,node,Khách Sạn Queen Ann,,wlan,,,,10.7710074,106.6894162,,,,,,2022-05-19T03:36:24Z,,osm_overpass,"{""addr:housenumber"":""86-88"",""addr:street"":""Bùi Thị Xuân"",""internet_access"":""wlan"",""name"":""Khách Sạn Queen Ann"",""tourism"":""hotel""}"
5336398121,node,King BBQ Buffet,,wlan,restaurant,,,10.771603,106.6698119,,,,,,2022-05-16T04:01:26Z,,osm_overpass,"{""addr:housenumber"":""716"",""addr:street"":""Sư Vạn Hạnh"",""amenity"":""restaurant"",""cuisine"":""korean"",""internet_access"":""wlan"",""name"":""King BBQ Buffet""}"
5338832321,node,Bún thịt nướng Kiều Bảo,,wlan,restaurant,,,10.7651333,106.6948075,,,,,,2025-07-06T14:39:27Z,,osm_overpass,"{""addr:housenumber"":""139"",""addr:street"":""Đường Ðề Thám"",""amenity"":""restaurant"",""cuisine"":""vietnamese"",""internet_access"":""wlan"",""name"":""Bún thịt nướng Kiều Bảo"",""name:en"":""Kiều Bảo Barbecue Rice Noodles"",""opening_hours"":""Mo-Su 11:00-21:00"",""phone"":""0939609556;+84782307001""}"
5348448221,node,Vy da backpacker hostel 2,,wlan,,,,10.7655911,106.6956238,,,,,,2019-09-10T23:27:47Z,,osm_overpass,"{""addr:housenumber"":""48"",""addr:street"":""Đường Cô Bắc"",""internet_access"":""wlan"",""name:en"":""Vy da backpacker hostel 2"",""tourism"":""hostel""}"
5350664480,node,Highlands Coffee,,wlan,cafe,,,10.7918613,106.691736,,,,,,2026-01-22T05:30:05Z,,osm_overpass,"{""amenity"":""cafe"",""brand"":""Highlands Coffee"",""brand:wikidata"":""Q5759361"",""cuisine"":""coffee_shop;vietnamese"",""internet_access"":""wlan"",""name"":""Highlands Coffee"",""name:en"":""Highlands Coffee"",""opening_hours"":""Mo-Su,PH 06:00-23:00"",""takeaway"":""yes""}"
5358026521,node,The Vintage Emporium,,wlan,cafe,,,10.7901969,106.6992996,,,,,,2024-10-29T08:15:43Z,,osm_overpass,"{""addr:housenumber"":""95B"",""addr:street"":""Nguyễn Văn Thủ"",""amenity"":""cafe"",""contact:facebook"":""TheVintageEmporiumSGN"",""cuisine"":""international"",""email"":""dk.assistant.mgr@vintageemporium.net"",""internet_access"":""wlan"",""name"":""The Vintage Emporium"",""name:en"":""The Vintage Emporium"",""opening_hours"":""Mo-Su 07:00-21:00"",""phone"":""+84904413148"",""website"":""https://vintageemporium.net"",""website:menu"":""https://vintageemporium.net/menu/""}"
5367463221,node,,,wlan,,,,10.7555974,106.6908402,,,,,,2023-03-19T08:47:10Z,,osm_overpass,"{""addr:housenumber"":""360A, app C13-7"",""email"":""khalsak@gmail.com"",""internet_access"":""wlan"",""opening_hours"":""24/7"",""phone"":""+841268081939"",""tourism"":""hostel""}"
5379954521,node,Cửa Hàng Thời Trang Chou Chou,,wlan,,,,10.7868498,106.677201,,,,,,2025-09-10T11:35:07Z,,osm_overpass,"{""addr:housenumber"":""25A"",""addr:postcode"":""700000"",""addr:street"":""Hem 339 Le Van Sy"",""email"":""contact@chouchoushop.com"",""internet_access"":""wlan"",""name"":""Cửa Hàng Thời Trang Chou Chou"",""opening_hours"":""Mo-Su 10:00-22:00"",""phone"":""01224969862"",""shop"":""clothes"",""website"":""http://www.facebook.com/ChouChouClothing""}"
5388441322,node,Nhà Hàng Thai Street & Rooftop Bar,,wlan,restaurant,,,10.769648,106.6978176,,,,,,2022-05-20T07:55:46Z,,osm_overpass,"{""addr:housenumber"":""171"",""addr:street"":""Calmette"",""amenity"":""restaurant"",""cuisine"":""asian;french"",""internet_access"":""wlan"",""name"":""Nhà Hàng Thai Street & Rooftop Bar"",""name:en"":""Chanh Garden Bistro & Rooftop"",""name:vi"":""Chanh Garden Bistro & Rooftop"",""opening_hours"":""Mo-Su 10:30-23:00"",""phone"":""0868242679"",""website"":""http://www.facebook.com/ThaiStreetCalmette""}"
5398114825,node,Cà Phê Royaltea,,wlan,cafe,,,10.7711166,106.6933398,,,,,,2022-05-12T07:53:55Z,,osm_overpass,"{""addr:housenumber"":""1"",""addr:street"":""Đường Nguyễn Trãi"",""amenity"":""cafe"",""internet_access"":""wlan"",""name"":""Cà Phê Royaltea"",""opening_hours"":""Mo-Su 09:00-02:00""}"
5404586822,node,Khách Sạn Hotel Des Arts Saigon,,wlan,,,,10.7820238,106.6971407,,,,,,2022-05-16T02:58:11Z,,osm_overpass,"{""addr:street"":""76 78 Nguyen Thi Minh Khai Str, District 3, phường 6, Quận 3, Hồ Chí Minh 070000, Vietnam"",""internet_access"":""wlan"",""name"":""Khách Sạn Hotel Des Arts Saigon"",""name:en"":""Hotel des Arts"",""phone"":""+84 28 3989 8888"",""tourism"":""hotel"",""website"":""https://www.accorhotels.com/gb/hotel-9231-hotel-des-arts-saigon-mgallery-collection/index.shtml""}"
5407227521,node,Nhà Khách OneDay,,wlan,,,,10.7693608,106.6896728,,,,,,2022-05-18T07:07:20Z,,osm_overpass,"{""internet_access"":""wlan"",""name"":""Nhà Khách OneDay"",""tourism"":""guest_house""}"
5409034121,node,Hệ Thống Cửa Hàng Thiết Bị Ngoài Trời FanFan,,wlan,,,,10.7638582,106.6960333,,,,,,2022-04-17T00:46:17Z,,osm_overpass,"{""addr:housenumber"":""61/4"",""addr:street"":""Đường Cô Giang"",""email"":""fanfanvn@gmail.com"",""internet_access"":""wlan"",""name"":""Hệ Thống Cửa Hàng Thiết Bị Ngoài Trời FanFan"",""opening_hours"":""Mo-Su 09:00-21:00"",""phone"":""+84866817130"",""shop"":""outdoor"",""website"":""https://fanfan.vn/""}"
5409166922,node,Khách Sạn Giang Sơn 2,,wlan,,,,10.767188,106.6908866,,,,,,2022-05-09T04:14:06Z,,osm_overpass,"{""internet_access"":""wlan"",""name"":""Khách Sạn Giang Sơn 2"",""name:en"":""Giang Son Hotel 2"",""tourism"":""hotel""}"
5412272024,node,Khách Sạn Rou,,wlan,,,Tran Thanh Quang - CEO,10.765266,106.6953264,,,,,,2022-05-28T23:31:17Z,,osm_overpass,"{""addr:housenumber"":""37B"",""addr:street"":""Đường Cô Bắc"",""email"":""rouhostel@gmail.com"",""internet_access"":""wlan"",""name"":""Khách Sạn Rou"",""opening_hours"":""24/7"",""operator"":""Tran Thanh Quang - CEO"",""phone"":""02862761613"",""tourism"":""hostel"",""website"":""https://www.rou.vn/""}"
5413989621,node,Bali B Hotel,,wlan,,,,10.7664626,106.696199,,,,,,2018-02-15T09:56:58Z,,osm_overpass,"{""internet_access"":""wlan"",""name:en"":""Bali B Hotel"",""opening_hours"":""24/7"",""tourism"":""hotel""}"
5416626132,node,The Cozi House - Hostel & Coffee,,wlan,,,,10.7705759,106.6895046,,,,,,2018-02-17T05:53:22Z,,osm_overpass,"{""email"":""thecozihouse@gmail.com"",""internet_access"":""wlan"",""name:en"":""The Cozi House - Hostel & Coffee"",""opening_hours"":""24/7"",""phone"":""+84977823009"",""tourism"":""hostel"",""website"":""http://www.thecozihouse.com""}"
5419560722,node,Day Day Drink,,wlan,,,,10.7697845,106.6962572,,,,,,2018-02-18T06:23:14Z,,osm_overpass,"{""internet_access"":""wlan"",""name:en"":""Day Day Drink"",""opening_hours"":""Mo-Su 08:00-01:00"",""phone"":""0938766099"",""shop"":""beverages"",""website"":""http://www.facebook.com/DayDayDrinkVietnam""}"
5425815624,node,,,wlan,restaurant,,,10.767493,106.6939717,,,,,,2018-02-21T03:15:55Z,,osm_overpass,"{""amenity"":""restaurant"",""internet_access"":""wlan"",""name:fr"":""Garlik restaurants"",""phone"":""+842838385665""}"
5426113821,node,Nhà Hàng Tokyo Deli,,wlan,restaurant,,,10.7692726,106.6697555,,,,,,2023-10-20T00:13:16Z,,osm_overpass,"{""amenity"":""restaurant"",""cuisine"":""japanese;sushi"",""internet_access"":""wlan"",""name"":""Nhà Hàng Tokyo Deli"",""name:en"":""Tokyo Deli"",""opening_hours"":""Mo-Su 11:00-21:30"",""phone"":""02862803535"",""website"":""https://www.tokyodeli.com.vn/""}"
5426445321,node,Sokocha,,wlan,,,,10.7726765,106.6951302,,,,,,2022-05-28T23:27:05Z,,osm_overpass,"{""internet_access"":""wlan"",""name:en"":""Sokocha"",""opening_hours"":""Mo-Su 07:00-00:00"",""phone"":""0907210200"",""shop"":""beverages"",""website"":""https://www.facebook.com/trasuabanhmisoko""}"
5426869831,node,Domino's,,wlan,fast_food,,,10.7617812,106.6683576,,,,,,2025-03-29T05:44:36Z,,osm_overpass,"{""amenity"":""fast_food"",""brand"":""Domino's"",""brand:wikidata"":""Q839466"",""cuisine"":""pizza"",""internet_access"":""wlan"",""name"":""Domino's"",""name:en"":""Domino's Pizza"",""opening_hours"":""Mo-Su 10:00-22:00"",""phone"":""0838530222"",""takeaway"":""yes"",""website"":""https://www.dominos.vn/""}"
5432647622,node,Joy Tea,,wlan,cafe,,,10.7589753,106.6626409,,,,,,2022-05-28T23:36:55Z,,osm_overpass,"{""addr:housenumber"":""65"",""addr:street"":""Đường Nguyễn Kim"",""amenity"":""cafe"",""cuisine"":""tea"",""email"":""hcmjoytea@gmail.com"",""internet_access"":""wlan"",""name:en"":""Joy Tea"",""opening_hours"":""Mo-Su 10:00-22:00"",""phone"":""0902665819"",""website"":""https://www.facebook.com/joyteahcm""}"
5439405022,node,FamilyMart,,wlan,,,,10.756373,106.6834514,,,,,,2025-04-24T09:41:52Z,,osm_overpass,"{""addr:housenumber"":""167"",""addr:street"":""Nguyễn Biểu"",""brand"":""FamilyMart"",""brand:wikidata"":""Q11247682"",""brand:wikipedia"":""en:FamilyMart"",""internet_access"":""wlan"",""name"":""FamilyMart"",""name:en"":""Family Mart"",""opening_hours"":""24/7"",""shop"":""convenience"",""wheelchair"":""no""}"
5448253222,node,Christina's Saigon Beatty's City Oasis,,wlan,,,,10.7687552,106.697765,,,,,,2018-03-02T13:17:41Z,,osm_overpass,"{""addr:street"":""Hẻm 55 Lê Thị Hồng Gấm"",""internet_access"":""wlan"",""name:en"":""Christina's Saigon Beatty's City Oasis"",""opening_hours"":""Mo-Su 08:00-21:00"",""tourism"":""apartment""}"
5455622567,node,Au Lac Do Brazil,,wlan,restaurant,,,10.7853205,106.6907551,,,,,,2019-09-11T20:33:28Z,,osm_overpass,"{""addr:housenumber"":""238"",""addr:street"":""Đường Pasteur"",""amenity"":""restaurant"",""cuisine"":""brazilian;barbecue"",""email"":""pr@aulacdobrazil.com"",""internet_access"":""wlan"",""name:en"":""Au Lac Do Brazil"",""opening_hours"":""Mo-Su 11:00-14:00, 17:00-22:30"",""phone"":""(+84-8)38207157"",""website"":""https://www.aulacdobrazil.com/""}"
5456293321,node,Khách Sạn Vỹ Dạ,,yes,,,,10.775039,106.6977604,,,,Ho Chi Minh City,,2024-12-14T16:37:28Z,,osm_overpass,"{""addr:city"":""Ho Chi Minh City"",""addr:housenumber"":""33/1"",""addr:place"":""District 1"",""addr:street"":""Nguyễn Trung Trực"",""air_conditioning"":""yes"",""check_date"":""2024-12-14"",""contact:phone"":""+84 28 3824 8448"",""contact:whatsapp"":""+84942874873"",""internet_access"":""yes"",""internet_access:fee"":""no"",""name"":""Khách Sạn Vỹ Dạ"",""name:en"":""Vy Da Backpackers Hostel"",""tourism"":""hostel""}"
5458117021,node,Nhà Khách Kings Valley,,wlan,,,,10.7876494,106.6812643,,,,,,2022-05-16T04:01:26Z,,osm_overpass,"{""addr:housenumber"":""262/9"",""addr:street"":""Lê Văn Sỹ"",""internet_access"":""wlan"",""name"":""Nhà Khách Kings Valley"",""tourism"":""hostel""}"
5458491424,node,Expats Apartment,,wlan,,,,10.7718721,106.69189,,,,,,2018-03-06T08:01:54Z,,osm_overpass,"{""addr:street"":""Hẻm 65"",""internet_access"":""wlan"",""name:en"":""Expats Apartment"",""tourism"":""apartment""}"
5459140621,node,Mercury 60 Apartment,,wlan,,,,10.7718497,106.6919066,,,,,,2018-03-06T12:07:25Z,,osm_overpass,"{""addr:housenumber"":""60N2"",""addr:postcode"":""700000"",""addr:street"":""36 bis"",""internet_access"":""wlan"",""name:en"":""Mercury 60 Apartment"",""opening_hours"":""24/7"",""phone"":""0915882307"",""tourism"":""apartment""}"
5461043622,node,Khách Sạn Punto,,wlan,,,,10.766273,106.6952375,,,,,,2022-04-16T12:53:55Z,,osm_overpass,"{""addr:street"":""135/23 Tran Hung Dao, district 1"",""email"":""team@puntohostels.com"",""internet_access"":""wlan"",""name"":""Khách Sạn Punto"",""opening_hours"":""24/7"",""phone"":""0938975031"",""tourism"":""hostel"",""website"":""http://www.puntohostels.com""}"
5468383325,node,Blessing Central Hotel,,wlan,,,,10.7718426,106.6956728,,,,,,2019-09-11T21:59:52Z,,osm_overpass,"{""addr:housenumber"":""267-269"",""addr:street"":""Đường Lê Thánh Tôn"",""email"":""info@hongthienloc2hotel.com"",""internet_access"":""wlan"",""name:en"":""Blessing Central Hotel"",""tourism"":""hotel"",""website"":""http://www.hongthienloc2hotel.com""}"
5469236221,node,Ms. Coffee,,wlan,cafe,,,10.7789519,106.6983631,,,,,,2020-05-09T14:39:33Z,,osm_overpass,"{""addr:housenumber"":""7"",""addr:postcode"":""700000"",""addr:street"":""Hàn Thuyên"",""amenity"":""cafe"",""cuisine"":""vietnamese"",""internet_access"":""wlan"",""name:en"":""Ms. Coffee"",""opening_hours"":""Mo-Su 07:00-23:30""}"
5472247821,node,Kim Ngan Guesthouse,,wlan,,,Kim Ngan,10.7677749,106.6933101,,,,,,2018-03-12T07:15:34Z,,osm_overpass,"{""internet_access"":""wlan"",""name:en"":""Kim Ngan Guesthouse"",""operator"":""Kim Ngan"",""tourism"":""guest_house""}"
5476934521,node,,,wlan,cafe,,,10.7615493,106.6922042,,,,,,2018-03-14T03:26:23Z,,osm_overpass,"{""amenity"":""cafe"",""internet_access"":""wlan""}"
5483859821,node,Cà Phê Thức,,wlan,cafe,,,10.7784297,106.6982091,,,,,,2022-05-12T03:16:21Z,,osm_overpass,"{""addr:housenumber"":""Q1"",""addr:street"":""Đường Pasteur"",""amenity"":""cafe"",""internet_access"":""wlan"",""name"":""Cà Phê Thức"",""name:en"":""Thuc Coffee""}"
5527212821,node,Nhà Hàng Anh Mập,,wlan,restaurant,,,10.767438,106.6927451,,,,,,2022-05-09T05:04:33Z,,osm_overpass,"{""amenity"":""restaurant"",""internet_access"":""wlan"",""name"":""Nhà Hàng Anh Mập""}"
5529906123,node,,,wlan,,,,10.767008,106.6817852,,,,,,2018-04-05T06:52:53Z,,osm_overpass,"{""internet_access"":""wlan"",""tourism"":""guest_house""}"
5530844922,node,In The Woods hostel,,wlan,,,,10.769451,106.6915296,,,,,,2018-04-05T13:07:08Z,,osm_overpass,"{""addr:housenumber"":""95/23"",""addr:street"":""Hẻm Nguyễn Trãi"",""internet_access"":""wlan"",""name:en"":""In The Woods hostel"",""opening_hours"":""24/7"",""phone"":""0902427524"",""tourism"":""hostel""}"
5556535121,node,Cà Phê Journeys Sandwich Bistro,,wlan,cafe,,,10.7730051,106.6984535,,,,,,2022-05-13T09:23:51Z,,osm_overpass,"{""addr:housenumber"":""30-36"",""addr:street"":""Phan Bội Châu"",""amenity"":""cafe"",""cuisine"":""vietnamese;american;french"",""internet_access"":""wlan"",""name"":""Cà Phê Journeys Sandwich Bistro"",""opening_hours"":""Mo-Su 07:30-22:00""}"
5563186922,node,Khách Sạn NoGias,,wlan,,,,10.7604422,106.6932257,,,,,,2022-04-16T08:19:13Z,,osm_overpass,"{""internet_access"":""wlan"",""name"":""Khách Sạn NoGias"",""tourism"":""hotel""}"
5566149721,node,Khách Sạn DaBlend,,wlan,,,,10.7612274,106.6667533,,,,,,2022-04-16T02:15:24Z,,osm_overpass,"{""internet_access"":""wlan"",""name"":""Khách Sạn DaBlend"",""tourism"":""hostel""}"
5578056523,node,Nhà Hàng Cơm Nhiều Singapore,,wlan,restaurant,,,10.7711826,106.6700525,,,,Thành phố Hồ Chí Minh,,2022-05-11T05:00:57Z,,osm_overpass,"{""addr:city"":""Thành phố Hồ Chí Minh"",""addr:district"":""Quận 10"",""addr:housenumber"":""694"",""addr:street"":""Sư Vạn Hạnh"",""addr:subdistrict"":""Phường 10"",""amenity"":""restaurant"",""cuisine"":""rice"",""internet_access"":""wlan"",""name"":""Nhà Hàng Cơm Nhiều Singapore""}"
5584145521,node,Tea Time,,wlan,cafe,,,10.7755232,106.6675269,,,,,,2022-10-21T05:02:55Z,,osm_overpass,"{""addr:housenumber"":""822"",""addr:street"":""Sư Vạn Hạnh"",""amenity"":""cafe"",""internet_access"":""wlan"",""name"":""Tea Time""}"
5590600422,node,Cao Ốc Phú Thọ Thuận Việt,,wlan,,,,10.7768016,106.6547024,,,,,,2022-04-21T09:43:43Z,,osm_overpass,"{""addr:housenumber"":""319"",""addr:postcode"":""70000000"",""addr:street"":""Lý Thường Kiệt"",""internet_access"":""wlan"",""landuse"":""residential"",""name"":""Cao Ốc Phú Thọ Thuận Việt"",""opening_hours"":""24/7"",""residential"":""apartments""}"
5594543521,node,Nhà Hàng Dì Năm Sa Đéc,,wlan,restaurant,,,10.7682523,106.6868828,,,,,,2022-05-12T03:51:37Z,,osm_overpass,"{""addr:housenumber"":""83D"",""addr:street"":""Bùi Thị Xuân"",""amenity"":""restaurant"",""cuisine"":""regional;vietnamese"",""internet_access"":""wlan"",""name"":""Nhà Hàng Dì Năm Sa Đéc""}"
5598130321,node,Tiệm Bánh Ngọt Pháp,,wlan,fast_food,,,10.7724185,106.6964525,,,,,,2022-05-19T07:02:13Z,,osm_overpass,"{""addr:housenumber"":""234"",""addr:street"":""Đường Lê Thánh Tôn"",""amenity"":""fast_food"",""cuisine"":""french"",""internet_access"":""wlan"",""name"":""Tiệm Bánh Ngọt Pháp"",""opening_hours"":""Mo-Sa 07:00-19:30""}"
5601242521,node,Nhà Khách Ms.Hai,,wlan,,,,10.767393,106.6926917,,,,,,2022-05-17T03:09:10Z,,osm_overpass,"{""internet_access"":""wlan"",""name"":""Nhà Khách Ms.Hai"",""opening_hours"":""24/7"",""tourism"":""hostel""}"
5617113061,node,The Coffee Bean & Tea Leaf,The Coffee Bean Nowzone,wlan,cafe,,,10.7642634,106.6823171,,,,TP HCM,,2022-10-02T04:52:19Z,,osm_overpass,"{""addr:city"":""TP HCM"",""addr:district"":""Quận 1"",""addr:housenumber"":""235"",""addr:street"":""Nguyễn Văn Cừ"",""amenity"":""cafe"",""check_date"":""2022-10-02"",""cuisine"":""coffee_shop"",""internet_access"":""wlan"",""internet_access:fee"":""customers"",""internet_access:ssid"":""The Coffee Bean Nowzone"",""name"":""The Coffee Bean & Tea Leaf"",""not:brand:wikidata"":""Q1141384"",""opening_hours"":""06:30-23:00"",""payment:mastercard"":""yes"",""payment:visa"":""yes"",""website"":""https://coffeebean.com.vn"",""wheelchair"":""yes""}"
5635303221,node,The Coffee House,,wlan,cafe,,Đông,10.7691405,106.694594,,,,,,2022-05-11T04:31:14Z,,osm_overpass,"{""addr:housenumber"":""211"",""addr:street"":""Đường Phạm Ngũ Lão"",""amenity"":""cafe"",""brand"":""The Coffee House"",""brand:wikidata"":""Q60775742"",""cuisine"":""coffee_shop;vietnamese"",""internet_access"":""wlan"",""name"":""The Coffee House"",""name:en"":""The Coffee House"",""name:vi"":""The House Coffee"",""opening_hours"":""Mo-Su 06:00-22:00"",""operator"":""Đông"",""takeaway"":""yes""}"
5650662337,node,Vittorio - Italian Restaurant,,wlan,restaurant,,,10.7664661,106.6919532,,,,,,2018-05-30T02:01:49Z,,osm_overpass,"{""amenity"":""restaurant"",""cuisine"":""italian_pizza"",""internet_access"":""wlan"",""name:en"":""Vittorio - Italian Restaurant""}"
5658332722,node,Khách Sạn Comfortable Nguyễn Trãi,,wlan,,,,10.7631948,106.6857375,,,,,,2022-04-14T11:03:19Z,,osm_overpass,"{""internet_access"":""wlan"",""name"":""Khách Sạn Comfortable Nguyễn Trãi"",""tourism"":""hotel""}"
5676717521,node,Ministop,,wlan,,,,10.7573031,106.6831577,,,,,,2022-05-28T23:36:00Z,,osm_overpass,"{""addr:housenumber"":""207"",""addr:street"":""Nguyễn Biểu"",""internet_access"":""wlan"",""name"":""Ministop"",""opening_hours"":""24/7"",""shop"":""convenience"",""website"":""https://www.ministop.vn/""}"
5684857023,node,Coffee Urban Station,,wlan,cafe,,,10.7589858,106.6828831,,,,,,2018-06-12T11:31:33Z,,osm_overpass,"{""addr:housenumber"":""29"",""addr:street"":""Nguyễn Trãi"",""amenity"":""cafe"",""cuisine"":""coffee_shop"",""internet_access"":""wlan"",""name:en"":""Coffee Urban Station"",""opening_hours"":""Mo-Su 07:00-22:00""}"
5772886353,node,Kamakura,,wlan,cafe,,,10.7899698,106.6990834,,,,,,2018-07-20T10:26:52Z,,osm_overpass,"{""addr:street"":""Nguyễn Văn Thủ"",""amenity"":""cafe"",""internet_access"":""wlan"",""name:en"":""Kamakura""}"
5774244952,node,Khách Sạn White Lion,,yes,,,,10.7689872,106.6832351,,,,Ho Chi Minh City,,2022-05-18T07:07:20Z,,osm_overpass,"{""addr:city"":""Ho Chi Minh City"",""addr:housenumber"":""15"",""addr:street"":""Đường Cao Thắng"",""internet_access"":""yes"",""internet_access:fee"":""no"",""name"":""Khách Sạn White Lion"",""stars"":""3"",""tourism"":""hotel""}"
5803803453,node,B’s Mart,,wlan,,,,10.763547,106.6930808,,,,,,2018-08-02T10:44:02Z,,osm_overpass,"{""addr:street"":""Cô Bắc Street"",""internet_access"":""wlan"",""name:en"":""B’s Mart"",""opening_hours"":""24/7"",""shop"":""convenience""}"
5807061654,node,Khách Sạn Zhouse,,wlan,,,,10.7640282,106.6951259,,,,,,2022-04-16T12:53:55Z,,osm_overpass,"{""addr:housenumber"":""69/20"",""addr:street"":""Ðề Thám"",""internet_access"":""wlan"",""name"":""Khách Sạn Zhouse"",""phone"":""+84 93 612 60 59"",""tourism"":""apartment"",""website"":""https://www.booking.com/Share-qbPF2S""}"
5808281356,node,Bunker Bed & Breakfast,,wlan,,,,10.7903094,106.6987006,,,,,,2018-08-04T03:08:03Z,,osm_overpass,"{""internet_access"":""wlan"",""name:en"":""Bunker Bed & Breakfast"",""tourism"":""hotel""}"
5808285953,node,Cửa Hàng Chăm Sóc Sắc Đẹp EVA,,wlan,,,,10.7903293,106.6990865,,,,,,2022-04-28T02:31:17Z,,osm_overpass,"{""addr:housenumber"":""10"",""addr:street"":""Phan Kế Bính"",""internet_access"":""wlan"",""name"":""Cửa Hàng Chăm Sóc Sắc Đẹp EVA"",""opening_hours"":""Mo-Su 09:00-20:00"",""shop"":""beauty""}"
5809300661,node,,,wlan,shelter,,,10.7806744,106.669527,,,,,,2018-08-04T19:16:58Z,,osm_overpass,"{""amenity"":""shelter"",""internet_access"":""wlan""}"
5819504553,node,Bít tết Lục Nguyên,,wlan,restaurant,,,10.7523968,106.6671581,,,,,,2019-08-30T15:39:38Z,,osm_overpass,"{""addr:housenumber"":""109"",""addr:street"":""Đường Trần Hưng Ðạo"",""amenity"":""restaurant"",""internet_access"":""wlan"",""name"":""Bít tết Lục Nguyên"",""name:en"":""Luc Nguyen Beefsteak""}"
5831432086,node,Nhà Hàng Cơm Chay Mani,,wlan,restaurant,,,10.7718307,106.6858164,,,,,,2022-05-11T05:00:57Z,,osm_overpass,"{""addr:housenumber"":""291/2"",""addr:street"":""Võ Văn Tần"",""amenity"":""restaurant"",""cuisine"":""vietnamese"",""diet:vegan"":""yes"",""internet_access"":""wlan"",""name"":""Nhà Hàng Cơm Chay Mani"",""opening_hours"":""Mo-Su 06:30-14:00,16:00-21:00"",""phone"":""+842838329206"",""website"":""https://comchaymani.com/""}"
5834106085,node,"Data Recovery ""Vo Nguyen""",,wlan,,,,10.7983449,106.6820742,,,,,,2018-08-15T09:52:04Z,,osm_overpass,"{""addr:housenumber"":""24/16"",""addr:street"":""Doan Thi Diem"",""internet_access"":""wlan"",""name:en"":""Data Recovery \""Vo Nguyen\"""",""shop"":""electronics""}"
5835767185,node,Lien Huong - Vegetarian Restaurant,,wlan,restaurant,,,10.7945092,106.6892948,,,,,,2024-11-21T08:03:59Z,,osm_overpass,"{""addr:housenumber"":""10D"",""addr:street"":""Trần Nhật Duật"",""amenity"":""restaurant"",""cuisine"":""vietnamese;asian"",""diet:vegan"":""yes"",""diet:vegetarian"":""only"",""internet_access"":""wlan"",""name:en"":""Lien Huong - Vegetarian Restaurant"",""opening_hours"":""Mo-Sa 09:00-21:00; Su 11:00-21:00"",""phone"":""+84 93 348 50 64""}"
5837757390,node,The Coffee House,,wlan,cafe,,,10.7836677,106.6946963,,,,,,2022-04-25T02:57:29Z,,osm_overpass,"{""addr:housenumber"":""19B"",""addr:street"":""Phạm Ngọc Thạch"",""amenity"":""cafe"",""brand"":""The Coffee House"",""brand:wikidata"":""Q60775742"",""cuisine"":""coffee_shop;vietnamese"",""internet_access"":""wlan"",""name"":""The Coffee House"",""name:en"":""The Coffee House"",""takeaway"":""yes"",""website"":""https://www.thecoffeehouse.com/""}"
5870964485,node,Ministop,,wlan,,,,10.7970351,106.6908422,,,,,,2025-09-08T10:03:14Z,,osm_overpass,"{""addr:housenumber"":""54"",""addr:street"":""Hoa Lan"",""brand"":""Ministop"",""brand:wikidata"":""Q1038929"",""internet_access"":""wlan"",""name"":""Ministop"",""name:en"":""Ministop"",""opening_hours"":""24/7"",""shop"":""convenience"",""website"":""https://www.ministop.vn/""}"
5877323186,node,Cà Phê Điện,,wlan,cafe,,Trung tâm thể dục q11,10.7701347,106.6536889,,,,,,2022-04-18T10:02:09Z,,osm_overpass,"{""addr:street"":""Đường C"",""amenity"":""cafe"",""cuisine"":""coffee_shop"",""email"":""lebahoang81@gmail.com"",""internet_access"":""wlan"",""name"":""Cà Phê Điện"",""name:en"":""Electric’s coffee"",""name:vi"":""Coffee góc phố"",""opening_hours"":""Mo-Su 07:00-00:00"",""operator"":""Trung tâm thể dục q11""}"
5909598785,node,Quán Cơm Tấm Đỗ Phủ,,wlan,restaurant,,,10.7878775,106.6772371,,,,,,2022-05-11T05:00:57Z,,osm_overpass,"{""addr:street"":""Hem 339 Le Van Sy"",""amenity"":""restaurant"",""cuisine"":""regional"",""internet_access"":""wlan"",""name"":""Quán Cơm Tấm Đỗ Phủ"",""opening_hours"":""24/7""}"
5922563987,node,Khách Sạn Tagahome,,wlan,,,,10.7614729,106.6982129,,,,,,2022-04-16T09:22:08Z,,osm_overpass,"{""internet_access"":""wlan"",""internet_access:fee"":""no"",""name"":""Khách Sạn Tagahome"",""tourism"":""hotel"",""wheelchair"":""yes""}"
5928682490,node,Dorm24h Hostel,,wlan,,,,10.7656945,106.6913989,,,,,,2018-09-25T11:54:12Z,,osm_overpass,"{""internet_access"":""wlan"",""name:en"":""Dorm24h Hostel"",""tourism"":""hostel""}"
5951681385,node,Gà Quay Kiểu Pháp - Picoti Rotisserie,,wlan,fast_food,,,10.7655072,106.6900295,,,,,,2022-04-16T12:53:55Z,,osm_overpass,"{""addr:housenumber"":""134"",""addr:postcode"":""70000"",""addr:street"":""Cống Quỳnh"",""amenity"":""fast_food"",""cuisine"":""french;american"",""internet_access"":""wlan"",""name"":""Gà Quay Kiểu Pháp - Picoti Rotisserie""}"
5983038307,node,Cà Phê Nhà Hàng Journeys Sandwich,,wlan,restaurant,,,10.7701374,106.6923417,,,,,,2022-05-13T09:23:51Z,,osm_overpass,"{""addr:housenumber"":""21"",""addr:street"":""Nguyễn Văn Tráng"",""amenity"":""restaurant"",""cuisine"":""sandwich"",""diet:vegan"":""yes"",""internet_access"":""wlan"",""name"":""Cà Phê Nhà Hàng Journeys Sandwich"",""opening_hours"":""Mo-Su 07:00-22:00"",""phone"":""+84939383985"",""website"":""https://www.journeyssandwichcafe.com/""}"
6039322885,node,Nhà Hàng Thái Hjh Basiroh,,wlan,restaurant,,,10.7717555,106.6969429,,,,,,2022-05-13T02:44:01Z,,osm_overpass,"{""addr:street"":""Nguyễn An Ninh"",""amenity"":""restaurant"",""cuisine"":""thai"",""internet_access"":""wlan"",""name"":""Nhà Hàng Thái Hjh Basiroh""}"
6101656885,node,Khách Sạn Tesla,,wlan,,,,10.7660154,106.6906175,,,,,,2022-04-16T09:22:08Z,,osm_overpass,"{""addr:housenumber"":""242/3"",""addr:street"":""Hẻm Bùi Viện"",""internet_access"":""wlan"",""name"":""Khách Sạn Tesla"",""tourism"":""hostel""}"
6124512017,node,Khách Sạn The Moana House,,yes,,,,10.7961605,106.6828425,,,,Ho Chi Minh City,,2024-04-20T18:04:12Z,,osm_overpass,"{""addr:city"":""Ho Chi Minh City"",""addr:district"":""Phú Nhuận"",""addr:housenumber"":""20/24"",""addr:street"":""Cô Bắc"",""addr:subdistrict"":""Ward 1"",""internet_access"":""yes"",""name"":""Khách Sạn The Moana House"",""phone"":""+84 98 338 90 08"",""tourism"":""guest_house""}"
6138497585,node,The Observatory,,wlan,nightclub,,,10.7725448,106.6911409,,,,,,2025-12-20T10:18:06Z,,osm_overpass,"{""addr:street"":""85 Cách Mạng Tháng 8, Quận 1"",""amenity"":""nightclub"",""internet_access"":""wlan"",""name"":""The Observatory"",""name:en"":""The Observatory"",""opening_hours"":""Th-Sa 16:00-06:00"",""website"":""https://theobservatory-hcmc.com/""}"
6150821986,node,Khách Sạn Thái Anh 1,,wlan,,,,10.7972794,106.6893767,,,,,,2022-04-28T03:18:06Z,,osm_overpass,"{""addr:housenumber"":""97"",""addr:postcode"":""700000"",""addr:street"":""Hoa Lan"",""email"":""ksthaianh6497@yahoo.com"",""internet_access"":""wlan"",""name"":""Khách Sạn Thái Anh 1"",""opening_hours"":""24/7"",""phone"":""02835172237"",""tourism"":""hotel""}"
6150831685,node,Khách Sạn Thái Anh 2,,wlan,,,,10.7971736,106.6886218,,,,,,2022-04-28T03:18:06Z,,osm_overpass,"{""addr:housenumber"":""64/20"",""addr:postcode"":""700000"",""addr:street"":""Cù Lao"",""email"":""ksthaianh6497@yahoo.com"",""internet_access"":""wlan"",""name"":""Khách Sạn Thái Anh 2"",""name:en"":""HOTEL THAI ANH 2"",""opening_hours"":""24/7"",""phone"":""02835172586"",""tourism"":""hotel""}"
6166310386,node,Điểm Cung Cấp Dịch Vụ Internet Inthenet,,,internet_cafe,,,10.7615602,106.6683719,,,,,,2022-04-16T02:15:24Z,,osm_overpass,"{""addr:street"":""Đường Nguyễn Tri Phương"",""amenity"":""internet_cafe"",""name"":""Điểm Cung Cấp Dịch Vụ Internet Inthenet"",""name:en"":""InTheNet Esports Gaming Centre""}"
6174108085,node,Vietcetera Cafe,,wlan,cafe,,,10.7730988,106.6887893,,,,,,2018-12-31T03:31:33Z,,osm_overpass,"{""addr:housenumber"":""290"",""addr:street"":""Nguyễn Thị Minh Khai"",""amenity"":""cafe"",""internet_access"":""wlan"",""name:en"":""Vietcetera Cafe"",""opening_hours"":""Su-Th 08:00-21:00; Fr-Sa 08:00-22:00"",""website"":""https://vietcetera.cafe""}"
6176076187,node,Mi Nhat Ramen,,wlan,restaurant,,,10.7671715,106.6957836,,,,,,2019-01-01T09:51:40Z,,osm_overpass,"{""amenity"":""restaurant"",""cuisine"":""seafood;chicken;friture;diner;regional;noodles;fish;pasta;vietnamese;breakfast;local"",""internet_access"":""wlan"",""name:en"":""Mi Nhat Ramen""}"
6183084986,node,Nhà Hàng Veggie Saigon,,wlan,restaurant,,,10.7634372,106.6958344,,,,,,2022-12-26T13:17:09Z,,osm_overpass,"{""amenity"":""restaurant"",""cuisine"":""vietnamese"",""diet:vegan"":""yes"",""diet:vegetarian"":""only"",""internet_access"":""wlan"",""name"":""Nhà Hàng Veggie Saigon"",""opening_hours"":""Mo-Su 08:00-22:00"",""phone"":""+84 96 810 77 88"",""website"":""https://veggiesaigon.com/""}"
6197458386,node,Bún Đậu Nhà Làm Home Made,,wlan,restaurant,,,10.7697154,106.6925751,,,,,,2022-05-10T02:23:09Z,,osm_overpass,"{""amenity"":""restaurant"",""internet_access"":""wlan"",""name"":""Bún Đậu Nhà Làm Home Made"",""name:en"":""DauHomemade"",""name:he"":""מסעדה מיוחדת""}"
6262049585,node,Quán Bar The Sun,,wlan,cafe,,,10.7682598,106.6941237,,,,,,2022-05-09T06:48:50Z,,osm_overpass,"{""amenity"":""cafe"",""cuisine"":""asian;bagel;crepe;savory_pancakes;coffee_shop;vietnamese"",""internet_access"":""wlan"",""name"":""Quán Bar The Sun""}"
6315672834,node,Tous les Jours,,wlan,,,,10.7884769,106.6994851,,,,,,2025-10-20T06:30:57Z,,osm_overpass,"{""addr:housenumber"":""64"",""addr:street"":""Nguyễn Đình Chiểu"",""brand"":""Tous les Jours"",""brand:wikidata"":""Q3535609"",""internet_access"":""wlan"",""name"":""Tous les Jours"",""opening_hours"":""Mo-Su 06:30-20:30"",""phone"":""028 6291 8441"",""shop"":""bakery""}"
6315686488,node,Highlands Coffee,,wlan,cafe,,,10.7762887,106.691498,,,,Ho Chi Minh City,,2024-12-18T04:46:52Z,,osm_overpass,"{""addr:city"":""Ho Chi Minh City"",""addr:housenumber"":""180"",""addr:place"":""District 3"",""addr:street"":""Nguyen Thi Minh Khai"",""air_conditioning"":""yes"",""amenity"":""cafe"",""bar"":""no"",""brand"":""Highlands Coffee"",""brand:wikidata"":""Q5759361"",""check_date"":""2024-12-15"",""cuisine"":""coffee_shop;vietnamese"",""internet_access"":""wlan"",""internet_access:fee"":""no"",""name"":""Highlands Coffee"",""name:en"":""Highlands Coffee"",""opening_hours"":""06:00-22:00"",""phone"":""+84 28 7101 0708"",""ref"":""30086"",""smoking"":""no"",""takeaway"":""yes"",""toilets"":""no"",""wheelchair"":""no""}"
6315687794,node,,,,internet_cafe,,,10.763014,106.6795306,,,,,,2019-03-04T09:22:42Z,,osm_overpass,"{""amenity"":""internet_cafe""}"
6328917587,node,Tanpopo,,wlan,cafe,,,10.7723083,106.6947648,,,,,,2022-10-21T05:02:55Z,,osm_overpass,"{""addr:housenumber"":""253"",""addr:street"":""Lý Tự Trọng"",""amenity"":""cafe"",""cuisine"":""pancake"",""internet_access"":""wlan"",""name"":""Tanpopo"",""phone"":""02838273589""}"
6338923085,node,Khách Sạn Uts,,wlan,,,,10.7662423,106.6882738,,,,,,2023-11-23T08:54:50Z,,osm_overpass,"{""addr:housenumber"":""185"",""addr:postcode"":""70000"",""email"":""utshomestay@gmail.com"",""internet_access"":""wlan"",""name"":""Khách Sạn Uts"",""phone"":""+840961955224"",""tourism"":""guest_house"",""website"":""https://comeandsee.com/""}"
6341024086,node,Cửa Hàng Pizza 4P's,,wlan,restaurant,,,10.7734232,106.6976926,,,,,,2022-05-19T02:14:38Z,,osm_overpass,"{""addr:housenumber"":""8"",""addr:street"":""Thủ Khoa Huân"",""amenity"":""restaurant"",""cuisine"":""italian;japanese"",""internet_access"":""wlan"",""name"":""Cửa Hàng Pizza 4P's"",""name:en"":""Pizza 4P’s Ben Thanh"",""opening_hours"":""Mo-Sa 10:00-02:00; Su 10:00-23:00"",""phone"":""+842836220500"",""website"":""https://pizza4ps.com/""}"
6341492585,node,Khách Sạn Little Saigon,,wlan,,,Markus & Eleanor,10.7644128,106.685082,,,,Ho Chi Minh City,,2024-04-20T18:04:12Z,,osm_overpass,"{""addr:city"":""Ho Chi Minh City"",""addr:district"":""1"",""addr:housenumber"":""C51B1"",""addr:postcode"":""70000"",""addr:street"":""Hẻm 212 B"",""addr:subdistrict"":""Nguyễn Cư Trinh"",""email"":""littlesaigonhomestay@gmail.com"",""internet_access"":""wlan"",""name"":""Khách Sạn Little Saigon"",""opening_hours"":""24/7"",""operator"":""Markus & Eleanor"",""phone"":""+84787976673"",""rooms"":""2"",""tourism"":""guest_house"",""website"":""http://littlesaigonhomestay.com""}"
6345357685,node,Pizza 4P’s Hai Ba Trung,,wlan,restaurant,,,10.7833039,106.6971985,,,,,,2019-03-18T15:43:04Z,,osm_overpass,"{""addr:housenumber"":""151"",""addr:street"":""Hai Bà Trưng"",""amenity"":""restaurant"",""cuisine"":""italian;pizza;japanese"",""internet_access"":""wlan"",""name:en"":""Pizza 4P’s Hai Ba Trung"",""opening_hours"":""Mo-Su 10:00-23:00"",""phone"":""02836220500"",""website"":""https://pizza4ps.com""}"
6355906490,node,Quiet Hostel Saigon,,wlan,,,,10.7694945,106.6874406,,,,,,2019-03-23T06:38:02Z,,osm_overpass,"{""addr:housenumber"":""138/13"",""addr:street"":""Bùi Thị Xuân"",""internet_access"":""wlan"",""name:en"":""Quiet Hostel Saigon"",""opening_hours"":""Mo-Su 07:00-22:00"",""phone"":""+84 76 5720 669"",""tourism"":""hostel""}"
6361818786,node,Phúc Long Coffee,,wlan,cafe,,,10.771387,106.6955645,,,,,,2025-07-25T13:55:20Z,,osm_overpass,"{""addr:street"":""Phạm Hồng Thái"",""air_conditioning"":""yes"",""amenity"":""cafe"",""cuisine"":""coffee_shop"",""delivery"":""yes"",""internet_access"":""wlan"",""internet_access:fee"":""no"",""level"":""1;2;3"",""name"":""Phúc Long Coffee"",""opening_hours"":""Mo-Su 07:00-22:30"",""panoramax"":""e862f0dd-10a4-40a2-88a9-ee1b8050097a"",""panoramax:0"":""fd7b0dae-fe2e-4ff7-9060-0c281276451a"",""toilets"":""yes"",""toilets:access"":""permissive"",""toilets:fee"":""no"",""wheelchair"":""no""}"
6370270085,node,Cà Phê Bob,,wlan,cafe,,,10.7976592,106.6600784,,,,,,2022-04-26T03:38:49Z,,osm_overpass,"{""addr:housenumber"":""1/13"",""addr:street"":""Hoàng Việt"",""amenity"":""cafe"",""internet_access"":""wlan"",""name"":""Cà Phê Bob""}"
6372334486,node,Nem Nướng Oanh Vy,,wlan,restaurant,,,10.7646006,106.6877956,,,,,,2019-09-11T21:58:18Z,,osm_overpass,"{""addr:housenumber"":""4"",""addr:postcode"":""700000"",""addr:street"":""Hẻm 233 Nguyễn Trãi"",""amenity"":""restaurant"",""cuisine"":""vietnamese"",""internet_access"":""wlan"",""name"":""Nem Nướng Oanh Vy"",""opening_hours"":""Mo-Su 10:00-22:00"",""phone"":""+84 90 918 74 16""}"
6407325487,node,Nhà Khách P.I.P Houses,,wlan,,,,10.7698037,106.6838687,,,,,,2022-05-18T07:07:20Z,,osm_overpass,"{""addr:housenumber"":""02"",""addr:street"":""Hẻm 418 Võ Văn Tần"",""internet_access"":""wlan"",""name"":""Nhà Khách P.I.P Houses"",""opening_hours"":""Mo-Su 08:00-23:00"",""phone"":""0934171326"",""tourism"":""guest_house"",""website"":""https://www.booking.com/hotel/vn/pip-houses.vi.html?aid=1263239;label=PShare-Pulse-mdcjMd%401555343700;sid=5b909d600f6398d1547986e9c2e93389;dist=0&keep_landing=1&sb_price_type=total&type=total&""}"
6533206865,node,The Coffee House,,yes,cafe,,,10.7612507,106.6620435,,,,,,2022-04-15T02:39:52Z,,osm_overpass,"{""amenity"":""cafe"",""cuisine"":""coffee_shop"",""internet_access"":""yes"",""name"":""The Coffee House"",""not:brand:wikidata"":""Q60775742"",""outdoor_seating"":""yes""}"
6585659185,node,Lâu Bò Tí Chuột,,wlan,restaurant,,,10.7631704,106.6904216,,,,,,2022-04-16T12:53:55Z,,osm_overpass,"{""addr:housenumber"":""1-3"",""addr:street"":""Đường Cống Quỳnh"",""amenity"":""restaurant"",""internet_access"":""wlan"",""name"":""Lâu Bò Tí Chuột"",""phone"":""0908907375""}"
6649680387,node,Cửa Hàng Điện Thoại Phương Apple,,wlan,,,,10.7792603,106.6508494,,,,,,2022-04-22T09:21:59Z,,osm_overpass,"{""internet_access"":""wlan"",""name"":""Cửa Hàng Điện Thoại Phương Apple"",""opening_hours"":""Mo-Su 10:00-09:00"",""shop"":""mobile_phone""}"
6681094687,node,Italiani's Pizza Han Thuyen,,wlan,restaurant,,,10.7788383,106.6981831,,,,Thành phố Hồ Chí Minh,,2022-09-30T09:37:05Z,,osm_overpass,"{""addr:city"":""Thành phố Hồ Chí Minh"",""addr:district"":""Quận 1"",""addr:housenumber"":""17"",""addr:street"":""Hàn Thuyên"",""addr:subdistrict"":""Bến Nghé"",""amenity"":""restaurant"",""cuisine"":""italian_pizza;pizza"",""internet_access"":""wlan"",""name"":""Italiani's Pizza Han Thuyen"",""name:en"":""Italiani's Homemade Pizzas"",""opening_hours"":""Mon-Sun 11:00- 21:45"",""phone"":""0909974992"",""website"":""https://italianis.vn/""}"
6781842305,node,Cà Phê A'dor,,wlan,cafe,,,10.7760216,106.6788139,,,,,,2022-05-09T04:14:06Z,,osm_overpass,"{""amenity"":""cafe"",""internet_access"":""wlan"",""internet_access:fee"":""no"",""name"":""Cà Phê A'dor"",""payment:cash"":""yes"",""payment:credit_cards"":""yes"",""payment:debit_cards"":""yes""}"
6797965286,node,The Coffee House,,wlan,cafe,,,10.7745958,106.6757319,,,,,,2022-05-20T07:15:58Z,,osm_overpass,"{""amenity"":""cafe"",""branch"":""Cao Thắng"",""brand"":""The Coffee House"",""brand:wikidata"":""Q60775742"",""cuisine"":""coffee_shop;vietnamese"",""internet_access"":""wlan"",""name"":""The Coffee House"",""name:en"":""The Coffee House"",""takeaway"":""yes""}"
6810864286,node,Hủ Tiếu Mực Như Ý,,wlan,restaurant,,,10.7843341,106.6630404,,,,,,2019-09-20T08:44:43Z,,osm_overpass,"{""addr:housenumber"":""133"",""addr:street"":""Bắc Hải"",""amenity"":""restaurant"",""cuisine"":""vietnamese"",""internet_access"":""wlan"",""name"":""Hủ Tiếu Mực Như Ý""}"
6811496215,node,Lotteria,,wlan,fast_food,,,10.7708749,106.6695441,,,,,,2022-05-16T07:00:13Z,,osm_overpass,"{""amenity"":""fast_food"",""branch"":""Sư Vạn Hạnh"",""brand"":""Lotteria"",""brand:wikidata"":""Q249525"",""cuisine"":""burger"",""internet_access"":""wlan"",""name"":""Lotteria"",""takeaway"":""yes""}"
6813499477,node,Highlands Coffee,,yes,cafe,,,10.7782497,106.6800034,,,,,,2022-05-13T04:54:40Z,,osm_overpass,"{""amenity"":""cafe"",""brand"":""Highlands Coffee"",""brand:wikidata"":""Q5759361"",""cuisine"":""coffee_shop;vietnamese"",""internet_access"":""yes"",""internet_access:fee"":""yes"",""name"":""Highlands Coffee"",""name:en"":""Highlands Coffee"",""outdoor_seating"":""yes"",""takeaway"":""yes""}"
6815031385,node,Khách Sạn Common inn,,wlan,,,,10.7718218,106.6938178,,,,,,2022-05-11T05:00:57Z,,osm_overpass,"{""addr:housenumber"":""260"",""addr:street"":""Lý Tự Trọng"",""internet_access"":""wlan"",""name"":""Khách Sạn Common inn"",""tourism"":""hostel""}"
6953550385,node,Phòng Khám Đa Khoa An Phúc,,wlan,hospital,,,10.7587193,106.6621153,,,,,,2022-04-15T00:55:19Z,,osm_overpass,"{""addr:housenumber"":""502-504"",""addr:street"":""Đường Nguyễn Chí Thanh"",""amenity"":""hospital"",""healthcare"":""hospital"",""internet_access"":""wlan"",""name"":""Phòng Khám Đa Khoa An Phúc"",""opening_hours"":""Mo-Fr 07:00-20:00""}"
6961341085,node,Hẻm Quán - Ông thổ địa,,wlan,bar,,,10.7903709,106.6859945,,,,,,2019-11-10T06:58:57Z,,osm_overpass,"{""amenity"":""bar"",""internet_access"":""wlan"",""name"":""Hẻm Quán - Ông thổ địa""}"
7006271885,node,The art - old school house,,wlan,,,,10.7610551,106.6937801,,,,,,2019-11-24T15:29:12Z,,osm_overpass,"{""addr:housenumber"":""187/15"",""addr:street"":""Hẻm Cô Giang"",""internet_access"":""wlan"",""name:en"":""The art - old school house"",""tourism"":""guest_house""}"
7013710085,node,H.I.P Ceasar,,wlan,,,,10.7719396,106.6846824,,,,,,2020-03-04T21:17:54Z,,osm_overpass,"{""addr:housenumber"":""21"",""addr:postcode"":""72406"",""addr:street"":""Hẻm 337 Nguyễn Ðình Chiểu"",""email"":""ceasarhomestay141119@gmail.com"",""internet_access"":""wlan"",""name"":""H.I.P Ceasar"",""name:en"":""Ceasar Homestay"",""name:vi"":""Ceasar Homestay"",""opening_hours"":""24/7"",""phone"":""+84934171326"",""website"":""https://fb.com/ceasarhomestay""}"
7048855585,node,Xe Máy Phát Thành Hưng,,wlan,,,,10.7994635,106.6806828,,,,,,2022-04-27T04:24:05Z,,osm_overpass,"{""addr:housenumber"":""237-239"",""addr:postcode"":""700000"",""addr:street"":""Phan Đăng Lưu"",""email"":""dntnphatthanhhung@gmail.com"",""internet_access"":""wlan"",""name"":""Xe Máy Phát Thành Hưng"",""name:en"":""Phat Thanh Hung motobike shop"",""opening_hours"":""24/7"",""phone"":""0932056788"",""shop"":""motorcycle"",""website"":""https://phatthanhhung.com/""}"
7062420885,node,Cà Phê - Khách Sạn M.O.M,,wlan,,,,10.7651932,106.6952692,,,,,,2022-04-16T12:53:55Z,,osm_overpass,"{""addr:housenumber"":""39A"",""addr:street"":""Cô Bắc"",""internet_access"":""wlan"",""name"":""Cà Phê - Khách Sạn M.O.M"",""tourism"":""hostel"",""website"":""https://www.booking.com/hotel/vn/mom-hostel-amp-cafe.en-gb.html""}"
7070055725,node,Khách Sạn Jungle House,,wlan,,,,10.7665399,106.6898554,,,,,,2022-04-16T12:53:55Z,,osm_overpass,"{""addr:housenumber"":""373/40"",""addr:postcode"":""710000"",""addr:street"":""Phạm Ngu Lao Street"",""email"":""thejunglesaigon@gmail.com"",""internet_access"":""wlan"",""name"":""Khách Sạn Jungle House"",""phone"":""+84 28 6270 5069"",""tourism"":""hostel"",""website"":""https://jungle-house-vn.book.direct/en-gb"",""wheelchair"":""no""}"
7077962271,node,Cà Phê - Trà Early Morning,,yes,cafe,,,10.796788,106.6866619,,,,Ho Chi Minh City,,2022-05-28T23:36:22Z,,osm_overpass,"{""addr:city"":""Ho Chi Minh City"",""addr:district"":""Phú Nhuận"",""addr:housenumber"":""386-388"",""addr:street"":""Trường Sa"",""addr:subdistrict"":""Phường 2"",""amenity"":""cafe"",""cuisine"":""coffee_shop;coffee;tea;teahouse"",""internet_access"":""yes"",""name"":""Cà Phê - Trà Early Morning"",""website"":""https://earlymorning.vn/""}"
7084165785,node,Nhà Hàng Nhật Manmaru,,wlan,restaurant,,,10.7882694,106.6956305,,,,,,2022-04-25T07:54:52Z,,osm_overpass,"{""amenity"":""restaurant"",""cuisine"":""japanese"",""internet_access"":""wlan"",""name"":""Nhà Hàng Nhật Manmaru""}"
7113998090,node,McDonald’s Hong Bang,,wlan,fast_food,,,10.7545011,106.6574136,,,,,,2020-01-07T09:06:10Z,,osm_overpass,"{""amenity"":""fast_food"",""internet_access"":""wlan"",""name:en"":""McDonald’s Hong Bang""}"
7121874588,node,Nhà Hàng Chay An Duyên,,wlan,restaurant,,,10.7513543,106.6695873,,,,,,2025-01-15T11:06:23Z,,osm_overpass,"{""addr:housenumber"":""10"",""addr:street"":""Nguyễn Tri Phương"",""air_conditioning"":""yes"",""amenity"":""restaurant"",""contact:facebook"":""bepxanhanduyen"",""contact:website"":""https://www.bepxanhanduyen.com"",""cuisine"":""chinese"",""diet:vegan"":""yes"",""diet:vegetarian"":""yes"",""indoor_seating"":""yes"",""internet_access"":""wlan"",""name"":""Nhà Hàng Chay An Duyên"",""name:en"":""An Duyen Vegetarian"",""opening_hours"":""Mo-Su 10:00-14:00,17:00-21:30"",""outdoor_seating"":""no"",""phone"":""+84 28 2212 9947"",""smoking"":""no"",""wheelchair"":""limited""}"
7125483786,node,Khách Sạn Linh Đan,,wlan,,,,10.7965324,106.6895008,,,,,,2024-11-01T08:52:48Z,,osm_overpass,"{""addr:housenumber"":""12/7 - 12/9"",""addr:street"":""Hẻm 12 Cù Lao"",""internet_access"":""wlan"",""name"":""Khách Sạn Linh Đan"",""name:en"":""Linh Dan Hotel"",""opening_hours"":""24/7"",""tourism"":""hotel"",""website"":""http://hotellinhdan.com""}"
7128373385,node,Sushi Wagao,,wlan,restaurant,,,10.7711365,106.6873236,,,,,,2020-01-19T17:25:15Z,,osm_overpass,"{""addr:housenumber"":""41B"",""addr:street"":""Đường Tôn Thất Tùng"",""amenity"":""restaurant"",""cuisine"":""sushi;japanese"",""internet_access"":""wlan"",""name:en"":""Sushi Wagao"",""opening_hours"":""Mo-Su 11:00-22:00"",""phone"":""0902705125"",""website"":""https://www.facebook.com/sushiwagao""}"
7138773787,node,Khách Sạn Sài Gòn 1979,,wlan,,,,10.7662437,106.6895683,,,,,,2023-01-26T10:58:06Z,,osm_overpass,"{""addr:housenumber"":""190"",""addr:street"":""Đường Cống Quỳnh"",""internet_access"":""wlan"",""name"":""Khách Sạn Sài Gòn 1979"",""name:en"":""Hotel Saigon 1979"",""tourism"":""hostel"",""wheelchair"":""no""}"
7155704685,node,Passio coffee,,wlan,cafe,,,10.7662814,106.688136,,,,,,2020-01-24T06:27:40Z,,osm_overpass,"{""amenity"":""cafe"",""internet_access"":""wlan"",""name:en"":""Passio coffee""}"
7180702385,node,Khách Sạn Anh Thiên,,wlan,,,,10.774771,106.6973558,,,,,,2022-05-09T05:29:16Z,,osm_overpass,"{""addr:housenumber"":""35e"",""addr:street"":""Nguyễn Trung Trực"",""internet_access"":""wlan"",""name"":""Khách Sạn Anh Thiên"",""name:en"":""Anh Thien"",""name:vi"":""Ánh Thiên"",""tourism"":""hotel""}"
7216115222,node,Nhà Hàng Âu Lạc - Healthy World,,wlan,restaurant,,,10.7700134,106.6913019,,,,,,2022-05-09T06:48:50Z,,osm_overpass,"{""amenity"":""restaurant"",""cuisine"":""vietnamese;asian;sandwich"",""diet:dairy_free"":""yes"",""diet:gluten_free"":""yes"",""diet:lacto_vegetarian"":""no"",""diet:lactose_free"":""yes"",""diet:ovo_vegetarian"":""only"",""diet:pescetarian"":""no"",""diet:vegan"":""only"",""diet:vegetarian"":""only"",""internet_access"":""wlan"",""internet_access:fee"":""no"",""name"":""Nhà Hàng Âu Lạc - Healthy World"",""opening_hours"":""Mo-Su 10:00-22:00"",""takeaway"":""yes"",""toilets"":""yes""}"
7239180627,node,Khách Sạn Condodo,,wlan,,,,10.7605439,106.6916969,,,,,,2022-05-28T23:37:07Z,,osm_overpass,"{""email"":""booking@condodo.com"",""internet_access"":""wlan"",""internet_access:fee"":""no"",""name"":""Khách Sạn Condodo"",""phone"":""+84 767 705 433"",""smoking"":""outside"",""tourism"":""hotel"",""website"":""https://condodo.com/"",""wheelchair"":""no""}"
7239206161,node,Khách Sạn Condodo,,wlan,,,,10.7698305,106.689493,,,,,,2022-05-28T23:36:36Z,,osm_overpass,"{""email"":""booking@condodo.com"",""internet_access"":""wlan"",""internet_access:fee"":""no"",""name"":""Khách Sạn Condodo"",""phone"":""+84 767 705 433"",""tourism"":""hotel"",""website"":""https://condodo.com/"",""wheelchair"":""no""}"
7243393485,node,Hủ Tíu Đức Minh,,wlan,restaurant,,,10.7957211,106.663892,,,,,,2020-02-25T20:00:25Z,,osm_overpass,"{""addr:housenumber"":""152"",""addr:postcode"":""700000"",""addr:street"":""Bùi Thị Xuân"",""amenity"":""restaurant"",""internet_access"":""wlan"",""name"":""Hủ Tíu Đức Minh""}"
7258203786,node,Nhà Hàng Ấn Độ Gujarat,,wlan,restaurant,,,10.7673132,106.6909915,,,,,,2022-05-13T02:44:01Z,,osm_overpass,"{""amenity"":""restaurant"",""cuisine"":""indian"",""internet_access"":""wlan"",""name"":""Nhà Hàng Ấn Độ Gujarat""}"
7293635485,node,Trung Nguyen Legend,,wlan,cafe,,,10.7724991,106.6973312,,,,,,2020-03-14T03:39:26Z,,osm_overpass,"{""amenity"":""cafe"",""internet_access"":""wlan"",""name:en"":""Trung Nguyen Legend""}"
7417168288,node,Cộng Cà Phê,,wlan,cafe,,,10.788868,106.6907767,,,,Ho Chi Minh City,,2024-04-20T18:04:12Z,,osm_overpass,"{""addr:city"":""Ho Chi Minh City"",""addr:district"":""1"",""addr:housenumber"":""274"",""addr:street"":""Đường Hai Bà Trưng"",""addr:subdistrict"":""Tân Định"",""amenity"":""cafe"",""brand"":""Cộng Cà Phê"",""brand:wikidata"":""Q63864181"",""cuisine"":""coffee_shop;vietnamese"",""internet_access"":""wlan"",""internet_access:fee"":""no"",""name"":""Cộng Cà Phê"",""name:vi"":""Cộng Cà Phê"",""opening_hours"":""Mo-Su 07:00-23:00"",""smoking"":""outside"",""takeaway"":""yes"",""toilets"":""yes"",""toilets:access"":""customers"",""wheelchair"":""limited""}"
7417168289,node,Cà Phê Trứng 3T,,wlan,cafe,,,10.7939837,106.6860754,,,,,,2020-04-18T14:13:56Z,,osm_overpass,"{""amenity"":""cafe"",""internet_access"":""wlan"",""name"":""Cà Phê Trứng 3T""}"
7418417985,node,Language Exchange Hostel 2,,wlan,,,,10.7715714,106.6846093,,,,,,2020-04-19T04:57:41Z,,osm_overpass,"{""internet_access"":""wlan"",""name:en"":""Language Exchange Hostel 2"",""tourism"":""hostel""}"
7502727743,node,Cà Phê The V,,wlan,cafe,,,10.7729647,106.6971172,,,,,,2022-05-13T02:44:01Z,,osm_overpass,"{""amenity"":""cafe"",""internet_access"":""wlan"",""internet_access:fee"":""no"",""level"":""1"",""name"":""Cà Phê The V""}"
7554218586,node,A Priori Coffee,,wlan,cafe,,,10.7890806,106.6972991,,,,,,2020-05-24T16:08:31Z,,osm_overpass,"{""addr:housenumber"":""18"",""addr:postcode"":""70000"",""addr:street"":""Trần Doãn Khanh"",""amenity"":""cafe"",""internet_access"":""wlan"",""name:en"":""A Priori Coffee"",""phone"":""+84966666069""}"
7654229835,node,Mắt Kính Tâm Đức,,wlan,,,,10.7987832,106.6557699,,,,Ho chi minh city,,2020-06-27T10:03:59Z,,osm_overpass,"{""addr:city"":""Thành phố Hồ Chí Minh"",""addr:district"":""Tân Bình"",""addr:housenumber"":""133"",""addr:postcode"":""700000"",""addr:province"":""Ho chi minh city"",""addr:street"":""Nguyễn Thái Bình"",""addr:subdistrict"":""4"",""air_conditioning"":""yes"",""currency:VND"":""yes"",""currency:others"":""yes"",""email"":""matkinhtamduc@gmail.com"",""internet_access"":""wlan"",""name"":""Mắt Kính Tâm Đức"",""opening_hours"":""Mo-Su 09:00-21:00"",""payment:cash"":""yes"",""payment:mastercard"":""yes"",""payment:visa"":""yes"",""shop"":""optician""}"
7654242773,node,Mắt Kính Tâm Đức - Chi Nhánh Quận 11,,wlan,,,,10.7633657,106.656031,,,,Ho Chi Minh City,,2024-04-20T18:04:12Z,,osm_overpass,"{""addr:city"":""Ho Chi Minh City"",""addr:district"":""Quận 11"",""addr:housenumber"":""199"",""addr:postcode"":""700000"",""addr:street"":""Đường Lê Đại Hành"",""addr:subdistrict"":""13"",""air_conditioning"":""yes"",""brand"":""molsion"",""currency:VND"":""yes"",""email"":""matkinhtamduc@gmail.com"",""internet_access"":""wlan"",""name"":""Mắt Kính Tâm Đức - Chi Nhánh Quận 11"",""opening_hours"":""Mo-Su 09:00-21:00"",""payment:cash"":""yes"",""payment:mastercard"":""yes"",""payment:visa"":""yes"",""phone"":""+8492482668"",""shop"":""optician"",""website"":""https://matkinhtamduc.com""}"
7791804390,node,Cà Phê Okinawa,,yes,cafe,,,10.7840335,106.6802568,,,,Ho Chi Minh City,,2024-04-20T18:04:12Z,,osm_overpass,"{""addr:city"":""Ho Chi Minh City"",""addr:district"":""3"",""addr:housenumber"":""785"",""addr:postcode"":""70000"",""addr:street"":""Hoàng Sa"",""addr:subdistrict"":""9"",""amenity"":""cafe"",""brand"":""Okinawa Coffee Saigon"",""cuisine"":""coffee"",""description"":""Okinawa Coffee Saigon, nơi tạo những ly cà phê thơm ngon – độc đáo – khác biệt và giàu năng lượng… 785 HOÀNG SA, PHƯỜNG 9, QUẬN 3, TP. HỒ CHÍ MINH. https://okinawacoffeesg.blogspot.com/"",""email"":""okinawacoffeesaigon@gmail.com"",""fixme"":""785 HOÀNG SA, PHƯỜNG 9, QUẬN 3, TP. HỒ CHÍ MINH."",""image"":""https://okinawacoffeesg.blogspot.com/2020/06/blog-post_3.html"",""internet_access"":""yes"",""internet_access:fee"":""no"",""name"":""Cà Phê Okinawa"",""name:vi"":""Okinawa Coffee Saigon"",""opening_hours"":""Mo-Sa 06:00-10:00"",""outdoor_seating"":""yes"",""phone"":""+840767431355"",""takeaway"":""only"",""website"":""https://okinawacoffeesg.blogspot.com/""}"
8089827300,node,Cà Phê Hồng,,wlan,cafe,,,10.7582857,106.6706942,,,,Ho Chi Minh City,,2024-04-20T18:04:12Z,,osm_overpass,"{""addr:city"":""Ho Chi Minh City"",""addr:district"":""Quận 5"",""addr:housenumber"":""281"",""addr:street"":""Đường Hùng Vương"",""addr:subdistrict"":""Phường 9"",""amenity"":""cafe"",""cuisine"":""coffee_shop"",""internet_access"":""wlan"",""internet_access:fee"":""customers"",""name"":""Cà Phê Hồng"",""opening_hours"":""24/7"",""outdoor_seating"":""yes"",""phone"":""+84843188998""}"
8639240774,node,Hatvala - Tea Shop,,yes,cafe,,,10.7941163,106.6961594,,,,Hồ Chí Minh,,2023-04-22T04:11:57Z,,osm_overpass,"{""addr:city"":""Ho Chi Minh City"",""addr:district"":""Bình Thạnh"",""addr:housenumber"":""2A"",""addr:province"":""Hồ Chí Minh"",""addr:street"":""Lê Văn Duyệt"",""addr:subdistrict"":""Phuong 1"",""amenity"":""cafe"",""internet_access"":""yes"",""internet_access:fee"":""no"",""name"":""Hatvala - Tea Shop"",""opening_hours"":""Mo-Su 08:00-18:00"",""phone"":""+84 902431107"",""website"":""https://hatvala.vn https://hatvala.com""}"
8724303924,node,Cơm Chay Thuyền Tịnh,,wlan,restaurant,,Chin Meat,10.764674,106.6702377,,,,HoChiMinh City,,2026-04-13T10:32:38Z,,osm_overpass,"{""addr:city"":""Ho Chi Minh City"",""addr:district"":""10"",""addr:housenumber"":""336"",""addr:postcode"":""70000"",""addr:province"":""HoChiMinh City"",""addr:street"":""Đường Nguyễn Duy Dương"",""addr:subdistrict"":""9"",""air_conditioning"":""yes"",""amenity"":""restaurant"",""changing_table"":""no"",""cuisine"":""vietnamese"",""currency:VND"":""yes"",""diet:gluten_free"":""yes"",""diet:halal"":""yes"",""diet:vegan"":""yes"",""diet:vegetarian"":""only"",""image"":""https://i.imgur.com/jS42439.jpg"",""indoor_seating"":""yes"",""internet_access"":""wlan"",""name"":""Cơm Chay Thuyền Tịnh"",""opening_hours"":""24/7"",""operator"":""Chin Meat"",""outdoor_seating"":""no"",""payment:cash"":""yes"",""payment:contactless"":""yes"",""payment:credit_cards"":""yes"",""payment:electronic_purses"":""yes"",""phone"":""+84914145614"",""smoking"":""no"",""website"":""https://www.chinmeat.com"",""wheelchair"":""no""}"
8725996071,node,Cà Phê Đô Hội,DO HOI,yes,cafe,,,10.7971261,106.6912815,,,,Ho Chi Minh City,,2024-04-20T18:04:12Z,,osm_overpass,"{""addr:city"":""Ho Chi Minh City"",""addr:district"":""Phú Nhuận"",""addr:housenumber"":""65"",""addr:postcode"":""72210"",""addr:street"":""Phan Xích Long"",""addr:subdistrict"":""Phường 2"",""amenity"":""cafe"",""internet_access"":""yes"",""internet_access:fee"":""no"",""internet_access:ssid"":""DO HOI"",""name"":""Cà Phê Đô Hội"",""opening_hours"":""24/7"",""phone"":""+842835352994"",""website"":""https://www.facebook.com/caphedohoi""}"
8746502553,node,Cà Phê The Wolf King,,yes,cafe,,,10.7996745,106.6508043,,,,Ho Chi Minh City,,2024-04-20T18:04:12Z,,osm_overpass,"{""addr:city"":""Ho Chi Minh City"",""addr:district"":""Tân Bình"",""addr:housenumber"":""24"",""addr:postcode"":""700000"",""addr:street"":""Đường C18"",""addr:subdistrict"":""Phường 12"",""amenity"":""cafe"",""cuisine"":""coffee_shop;beer;fast_food;breakfast"",""internet_access"":""yes"",""internet_access:fee"":""no"",""name"":""Cà Phê The Wolf King"",""opening_hours"":""Mo-Su 06:00-23:00"",""phone"":""0911687007""}"
8928974755,node,Cà Phê TA,,yes,cafe,,,10.7683911,106.6645604,,,,Ho Chi Minh City,,2024-04-20T18:04:12Z,,osm_overpass,"{""addr:city"":""Ho Chi Minh City"",""addr:district"":""10"",""addr:housenumber"":""3/53/4"",""addr:street"":""Thành Thái"",""addr:subdistrict"":""14"",""amenity"":""cafe"",""internet_access"":""yes"",""internet_access:fee"":""yes"",""name"":""Cà Phê TA"",""opening_hours"":""Mo-Su 06:00-22:00"",""outdoor_seating"":""no""}"
9605292917,node,Khách Sạn Gia Long King,,wlan,,,,10.7718491,106.6939136,,,,,,2022-05-11T05:00:57Z,,osm_overpass,"{""internet_access"":""wlan"",""name"":""Khách Sạn Gia Long King"",""opening_hours"":""24/7"",""tourism"":""hotel""}"
9660438899,node,777 hai,,yes,bar,,,10.753394,106.6769009,,,,Hồ Chí Minh,,2022-04-12T09:51:24Z,,osm_overpass,"{""addr:city"":""TP. Hồ Chí Minh"",""addr:district"":""Quận 5"",""addr:housenumber"":""55"",""addr:postcode"":""70000"",""addr:province"":""Hồ Chí Minh"",""addr:street"":""Đường Huỳnh Mẫn Đạt"",""addr:subdistrict"":""5"",""air_conditioning"":""yes"",""amenity"":""bar"",""internet_access"":""yes"",""min_age"":""18"",""name"":""777 hai"",""opening_hours"":""Mo-Su 18:00-02:00"",""payment:cash"":""yes"",""payment:credit_cards"":""yes"",""payment:debit_cards"":""yes"",""payment:mastercard"":""yes"",""payment:visa"":""yes"",""smoking"":""yes""}"
9872584617,node,Green Building Design Construction,,yes,,,Green Building Design Construction JSC,10.7568184,106.6893048,,,,Thành phố Hồ Chí Minh,,2024-03-04T12:08:36Z,,osm_overpass,"{""addr:city"":""Thành phố Hồ Chí Minh"",""addr:district"":""Quận 1"",""addr:housenumber"":""TK24/9Bis"",""addr:postcode"":""70000"",""addr:street"":""Đường Nguyễn Cảnh Chân"",""addr:subdistrict"":""Cầu Kho"",""air_conditioning"":""no"",""communication:mobile_phone"":""+84985515288"",""email"":""phamtrungkt@gmail.com"",""fax"":""+842836368848"",""internet_access"":""yes"",""name"":""Green Building Design Construction"",""name:vi"":""Công Ty Cổ Phần Thiết Kế Xây Dựng Công Trình Xanh"",""office"":""company"",""opening_hours"":""Mo-Fr 09:00-16:30"",""operator"":""Green Building Design Construction JSC"",""phone"":""+842836368848"",""ref:vatin"":""0313382621"",""website"":""https://gbdc.site""}"
9920341617,node,Highlands Coffee,,wlan,cafe,,,10.7747454,106.6982421,,,,,,2025-08-05T08:53:29Z,,osm_overpass,"{""addr:floor"":""0;1"",""air_conditioning"":""yes"",""amenity"":""cafe"",""brand"":""Highlands Coffee"",""brand:wikidata"":""Q5759361"",""check_date"":""2024-12-14"",""cuisine"":""coffee_shop;vietnamese"",""internet_access"":""wlan"",""internet_access:fee"":""no"",""name"":""Highlands Coffee"",""name:en"":""Highlands Coffee"",""opening_hours"":""07:00-23:00"",""smoking"":""no"",""takeaway"":""yes"",""toilets"":""yes"",""toilets:wheelchair"":""yes"",""wheelchair"":""limited""}"
9984827219,node,C central hôtel de Tham bui vien walking street,,wlan,,,,10.7676463,106.6939116,,,,,,2022-08-29T08:12:44Z,,osm_overpass,"{""internet_access"":""wlan"",""name"":""C central hôtel de Tham bui vien walking street"",""tourism"":""hotel""}"
9985120517,node,Calista Sai gon hotel,,wlan,,,,10.7723776,106.6948546,,,,,,2022-08-29T08:23:02Z,,osm_overpass,"{""addr:street"":""Lý Tự Trọng"",""internet_access"":""wlan"",""name"":""Calista Sai gon hotel"",""tourism"":""hotel""}"
10041056008,node,City Backpackers Hostel,,wlan,,,,10.7707059,106.6930564,,,,,,2022-09-21T04:27:27Z,,osm_overpass,"{""internet_access"":""wlan"",""internet_access:fee"":""no"",""name"":""City Backpackers Hostel"",""tourism"":""hostel"",""wheelchair"":""limited""}"
10086438317,node,Cà phê 66,,wlan,cafe,,,10.7895091,106.6956584,,,,,,2022-10-09T07:19:24Z,,osm_overpass,"{""addr:housenumber"":""66"",""addr:street"":""Huỳnh Khương Ninh"",""amenity"":""cafe"",""internet_access"":""wlan"",""name"":""Cà phê 66"",""name:en"":""Café 66"",""opening_hours"":""Mo-Fr 06:30-17:30""}"
10137213715,node,Missing Garden,,yes,cafe,,,10.7866904,106.6791678,,,,Hồ Chí Minh,,2025-01-10T04:32:28Z,,osm_overpass,"{""addr:city"":""Thành phố Hồ Chí Minh"",""addr:district"":""Quận 3"",""addr:housenumber"":""221/9"",""addr:postcode"":""70000"",""addr:province"":""Hồ Chí Minh"",""addr:street"":""Lê Văn Sỹ"",""addr:subdistrict"":""Phường 14"",""air_conditioning"":""yes"",""amenity"":""cafe"",""cuisine"":""coffee_shop"",""internet_access"":""yes"",""internet_access:fee"":""customers"",""name"":""Missing Garden"",""opening_hours"":""Mo-Su 08:00-22:00"",""outdoor_seating"":""yes"",""phone"":""+84932909982"",""power_supply"":""yes"",""toilets"":""yes"",""toilets:access"":""customers"",""toilets:unisex"":""yes"",""toilets:wheelchair"":""no"",""website"":""https://www.facebook.com/missing.garden/about"",""wheelchair"":""limited"",""wheelchair:description:en"":""Gravel access path. The second floor and toilets are inaccessible.""}"
10158711218,node,NATURAL HOUSE hostel,,wlan,,,,10.7633355,106.678264,,,,,,2022-11-05T03:12:45Z,,osm_overpass,"{""addr:housenumber"":""39"",""addr:street"":""Đường Hùng Vương"",""internet_access"":""wlan"",""level"":""1"",""name"":""NATURAL HOUSE hostel"",""phone"":""0084911411241"",""tourism"":""hostel""}"
10208698771,node,Kalf Coffee & Tea,,yes,cafe,,,10.7784708,106.6985896,,,,Thành phố Hồ Chí Minh,,2022-11-22T04:11:21Z,,osm_overpass,"{""addr:city"":""Thành phố Hồ Chí Minh"",""addr:district"":""Quận 1"",""addr:housenumber"":""178/15B"",""addr:street"":""Pasteur"",""addr:subdistrict"":""Bến Nghé"",""amenity"":""cafe"",""cuisine"":""coffee_shop"",""internet_access"":""yes"",""internet_access:fee"":""no"",""name"":""Kalf Coffee & Tea"",""opening_hours"":""Mo-Sa 07:00-16:00"",""outdoor_seating"":""no"",""phone"":""0916361990""}"
10232377317,node,little hanoi egg coffee,,wlan,cafe,,,10.7693491,106.6959356,,,,,,2025-05-07T03:04:01Z,,osm_overpass,"{""amenity"":""cafe"",""check_date"":""2025-05-02"",""internet_access"":""wlan"",""internet_access:fee"":""customers"",""name:en"":""little hanoi egg coffee""}"
10288742609,node,Bánh Mì Huynh Hoa,,wlan,restaurant,,,10.7714689,106.692371,,,,,,2023-01-02T16:18:21Z,,osm_overpass,"{""addr:housenumber"":""26"",""addr:street"":""Đường Lê Thị Riêng"",""amenity"":""restaurant"",""cuisine"":""sandwich;vietnamese"",""internet_access"":""wlan"",""name"":""Bánh Mì Huynh Hoa"",""opening_hours"":""Mo-Su 11:00-21:00"",""phone"":""+84 089 6698811"",""website"":""https://banhmihuynhhoa.vn/""}"
10302052409,node,Rustic Maison,,wlan,,,,10.7918414,106.6944484,,,,,,2023-01-03T08:49:52Z,,osm_overpass,"{""addr:housenumber"":""44"",""addr:postcode"":""90000"",""addr:street"":""Đường Nguyễn Phi Khanh"",""internet_access"":""wlan"",""name"":""Rustic Maison"",""phone"":""+84901709889"",""tourism"":""hotel""}"
10538327809,node,grand Eastin hotel,,wlan,,,,10.7961172,106.673068,,,,,,2023-01-11T02:17:56Z,,osm_overpass,"{""internet_access"":""wlan"",""name"":""grand Eastin hotel"",""tourism"":""hotel""}"
10539261009,node,Paulies Pizza& Pasta,,wlan,restaurant,,,10.7977493,106.6637002,,,,,,2023-01-11T12:38:07Z,,osm_overpass,"{""amenity"":""restaurant"",""cuisine"":""breakfast;burger;italian;italian_pizza"",""internet_access"":""wlan"",""name:en"":""Paulies Pizza& Pasta"",""phone"":""0939881443"",""website"":""http://PaulisPizzaAndPasta.com""}"
10589461306,node,Nu Hotel,,wlan,,,,10.7679641,106.6950467,,,,,,2023-01-28T17:59:53Z,,osm_overpass,"{""internet_access"":""wlan"",""name:en"":""Nu Hotel"",""tourism"":""hotel""}"
10609410705,node,Heal and Celeb,,wlan,restaurant,,,10.7935158,106.6867987,,,,,,2025-10-26T11:28:32Z,,osm_overpass,"{""addr:housenumber"":""27/1"",""addr:street"":""Đường Nguyễn Văn Nguyễn"",""air_conditioning"":""yes"",""amenity"":""restaurant"",""changing_table"":""no"",""cuisine"":""vietnamese"",""diet:gluten_free"":""yes"",""diet:halal"":""yes"",""diet:vegan"":""yes"",""diet:vegetarian"":""only"",""indoor_seating"":""yes"",""internet_access"":""wlan"",""name:en"":""Heal and Celeb"",""opening_hours"":""Mo-Su 11:00-21:00"",""outdoor_seating"":""no"",""smoking"":""no""}"
10692906351,node,Rau Ơi,,wlan,restaurant,,,10.768605,106.6979483,,,,,,2024-12-22T10:41:46Z,,osm_overpass,"{""addr:housenumber"":""55/15"",""addr:street"":""Le Thi Hong Gam"",""air_conditioning"":""yes"",""amenity"":""restaurant"",""check_date"":""2024-12-22"",""diet:vegan"":""yes"",""diet:vegetarian"":""yes"",""indoor_seating"":""yes"",""internet_access"":""wlan"",""internet_access:fee"":""customers"",""name"":""Rau Ơi"",""outdoor_seating"":""yes"",""payment:cash"":""yes"",""payment:credit_cards"":""yes"",""payment:debit_cards"":""yes"",""phone"":""+84 704558581"",""source"":""local knowledge"",""wheelchair"":""limited""}"
10741323906,node,Adora Art Hotel,,wlan,,,,10.7730745,106.6959112,,,,,,2023-03-17T11:36:50Z,,osm_overpass,"{""addr:housenumber"":""189-191"",""addr:street"":""Đường Lý Tự Trọng"",""internet_access"":""wlan"",""name:en"":""Adora Art Hotel"",""tourism"":""hotel""}"
10778185206,node,Curry Houses CoCo Ichibanya,,wlan,restaurant,,,10.7719595,106.695915,,,,,,2023-04-01T16:08:04Z,,osm_overpass,"{""amenity"":""restaurant"",""cuisine"":""curry"",""internet_access"":""wlan"",""name:en"":""Curry Houses CoCo Ichibanya""}"
10804118806,node,Filthy Vegan,,wlan,restaurant,,,10.7649331,106.6947879,,,,,,2025-09-10T11:35:11Z,,osm_overpass,"{""addr:floor"":""2"",""addr:housenumber"":""86"",""addr:street"":""Cô Bắc"",""air_conditioning"":""no"",""amenity"":""restaurant"",""changing_table"":""no"",""check_date"":""2025-09-10"",""check_date:diet:gluten_free"":""2025-09-10"",""check_date:diet:halal"":""2025-09-10"",""check_date:diet:vegetarian"":""2024-10-29"",""cuisine"":""english"",""diet:gluten_free"":""no"",""diet:halal"":""yes"",""diet:vegan"":""yes"",""diet:vegetarian"":""only"",""facebook"":""https://www.facebook.com/filthyvegansaigon"",""indoor_seating"":""yes"",""internet_access"":""wlan"",""internet_access:fee"":""customers"",""name:en"":""Filthy Vegan"",""outdoor_seating"":""no"",""payment:cash"":""yes"",""payment:credit_cards"":""yes"",""payment:debit_cards"":""yes"",""smoking"":""no"",""source"":""survey"",""takeaway"":""yes"",""toilets"":""yes"",""wheelchair"":""no""}"
11056054205,node,Café 30/4,,wlan,cafe,,,10.7765828,106.696011,,,,,,2024-04-25T02:05:21Z,,osm_overpass,"{""amenity"":""cafe"",""internet_access"":""wlan"",""name"":""Café 30/4""}"
11056307307,node,Dinh Độc Lập Cafe,,wlan,cafe,,,10.7766797,106.6971987,,,,,,2025-10-31T08:50:05Z,,osm_overpass,"{""amenity"":""cafe"",""internet_access"":""wlan"",""name"":""Dinh Độc Lập Cafe""}"
11080705505,node,Demi Coffee & Tea,,wlan,cafe,,,10.7908769,106.664722,,,,,,2023-08-01T10:52:33Z,,osm_overpass,"{""addr:housenumber"":""1221"",""addr:street"":""Hoàng Sa"",""amenity"":""cafe"",""internet_access"":""wlan"",""name"":""Demi Coffee & Tea"",""name:en"":""Demi Coffee"",""opening_hours"":""Mo-Su 07:00-22:00""}"
11122888706,node,Lan Sai Gon,,wlan,,,,10.7675054,106.6988314,,,,,,2023-08-17T14:56:32Z,,osm_overpass,"{""internet_access"":""wlan"",""name:en"":""Lan Sai Gon"",""phone"":""0898081141;0963660177"",""tourism"":""hostel""}"
11200752863,node,Hotel Sai Gon,,wlan,,,,10.7679172,106.6942428,,,,Ho Chi Minh City,,2024-04-20T18:04:12Z,,osm_overpass,"{""addr:city"":""Ho Chi Minh City"",""addr:district"":""Quận 1"",""addr:housenumber"":""13"",""addr:street"":""Hẻm 40 Bùi Viện"",""addr:subdistrict"":""Phường Phạm Ngũ Lão"",""internet_access"":""wlan"",""internet_access:fee"":""no"",""name"":""Hotel Sai Gon"",""tourism"":""hotel""}"
11289662869,node,Косметолог Хошимин Вьетнам,,wlan,,,,10.763294,106.6960211,,,,,,2023-10-26T21:41:20Z,,osm_overpass,"{""addr:housenumber"":""30"",""addr:street"":""30 Đ. Đề Thám, Phường Cầu Ông Lãnh, Quận 1, Thành phố Hồ Chí Minh"",""internet_access"":""wlan"",""name"":""Косметолог Хошимин Вьетнам"",""name:en"":""Cosmetologist Hochiminh Vietnam"",""name:ru"":""Косметолог Хошимин"",""opening_hours"":""24/7"",""phone"":""+84912627340"",""shop"":""beauty"",""website"":""https://www.instagram.com/neo_geo_beauty/""}"
11389260043,node,Nus Coffee & Tea,,wlan,cafe,,,10.7996789,106.6897148,,,,Hồ Chí Minh,,2023-12-02T05:50:48Z,,osm_overpass,"{""addr:city"":""Thành phố Hồ Chí Minh"",""addr:district"":""Phú Nhuận"",""addr:housenumber"":""53/9"",""addr:postcode"":""700000"",""addr:province"":""Hồ Chí Minh"",""addr:street"":""Đường Nhiêu Tứ"",""addr:subdistrict"":""Phường 7"",""amenity"":""cafe"",""cuisine"":""cafe"",""internet_access"":""wlan"",""internet_access:fee"":""yes"",""name"":""Nus Coffee & Tea"",""opening_hours"":""Mo-Su 07:00-22:00"",""phone"":""0325021095"",""website"":""facebook.com/nus.coffeeandtea/""}"
11527964469,node,Sabor,,wlan,restaurant,,,10.7676795,106.6971986,,,,,,2024-01-18T13:14:30Z,,osm_overpass,"{""amenity"":""restaurant"",""cuisine"":""spanish"",""internet_access"":""wlan"",""name:en"":""Sabor""}"
11616168569,node,Bếp Mẹ Ỉn,,wlan,restaurant,,,10.7739049,106.6981873,,,,,,2025-11-28T23:28:22Z,,osm_overpass,"{""addr:housenumber"":""136/9"",""addr:street"":""Lê Thánh Tôn"",""air_conditioning"":""yes"",""amenity"":""restaurant"",""award:michelin"":""selected"",""award:michelin:selected"":""2023;2024;2025"",""bar"":""no"",""branch"":""Lê Thánh Tôn"",""check_date"":""2025-11-29"",""contact:website"":""https://bepmein.com"",""cuisine"":""regional"",""internet_access"":""wlan"",""internet_access:fee"":""customers"",""microbrewery"":""no"",""name"":""Bếp Mẹ Ỉn"",""name:en"":""Bếp Mẹ Ỉn"",""name:vi"":""Bếp Mẹ Ỉn"",""outdoor_seating"":""yes"",""payment:cash"":""yes"",""payment:credit_cards"":""yes"",""payment:debit_cards"":""yes"",""reservation"":""recommended"",""restaurant"":""eatery"",""smoking"":""no"",""wheelchair"":""limited""}"
11760251669,node,The Wagon Wheel,,wlan,restaurant,,,10.7730101,106.6968042,,,,,,2024-03-25T06:04:30Z,,osm_overpass,"{""addr:housenumber"":""200 D"",""addr:postcode"":""700000"",""addr:street"":""Lê Thánh Tôn"",""amenity"":""restaurant"",""cuisine"":""american"",""internet_access"":""wlan"",""level"":""2"",""name:en"":""The Wagon Wheel"",""opening_hours"":""Mo-Su 11:00-22:00"",""phone"":""090 3108580"",""website"":""http://thewsgonwheelsaigon.com""}"
11909342969,node,Ba Xa Ch,,wlan,restaurant,,Ba Xa Co. Ltd.,10.7785214,106.6986733,,,,,,2024-05-21T11:47:20Z,,osm_overpass,"{""addr:housenumber"":""178/4"",""addr:street"":""Đường Pasteur"",""amenity"":""restaurant"",""cuisine"":""coffee_shop;regional;tea"",""diet:vegan"":""yes"",""internet_access"":""wlan"",""name"":""Ba Xa Ch"",""name:de"":""Ba Xa Filiale Pasteur"",""name:en"":""Ba Xa Branch Pasteur"",""name:vi"":""Ba Xa Chi nhánh Pasteur"",""opening_hours"":""Mo-Su 09:00-22:00"",""operator"":""Ba Xa Co. Ltd."",""phone"":""0899519915"",""website"":""https://chaybaxa.com/""}"
11911512469,node,Quán Chay Dì Sáu,,wlan,restaurant,,,10.7619659,106.663399,,,,,,2025-11-23T12:15:47Z,,osm_overpass,"{""addr:housenumber"":""7"",""addr:street"":""Nguyễn Lâm"",""air_conditioning"":""yes"",""amenity"":""restaurant"",""changing_table"":""no"",""contact:facebook"":""quanchay.disau"",""cuisine"":""regional"",""diet:gluten_free"":""yes"",""diet:halal"":""yes"",""diet:vegan"":""yes"",""diet:vegetarian"":""only"",""indoor_seating"":""yes"",""internet_access"":""wlan"",""name"":""Quán Chay Dì Sáu"",""name:en"":""Dì Sáu Vegetarian Restaurant"",""opening_hours"":""Mo-Su 06:30-20:30"",""outdoor_seating"":""street"",""phone"":""0903955046"",""smoking"":""no"",""toilets:wheelchair"":""no"",""wheelchair"":""limited""}"
11915761969,node,Bánh Mì Xanh – Trần Hưng Đạo,,wlan,fast_food,,Chay365,10.7696661,106.6966121,,,,,,2024-05-18T10:47:34Z,,osm_overpass,"{""addr:housenumber"":""28"",""addr:street"":""Trần Hưng Ðạo"",""amenity"":""fast_food"",""contact:facebook"":""banhmixanh.com"",""cuisine"":""sandwich"",""diet:vegan"":""yes"",""internet_access"":""wlan"",""name"":""Bánh Mì Xanh – Trần Hưng Đạo"",""opening_hours"":""Mo-Su 06:00-22:00"",""operator"":""Chay365"",""phone"":""0926195195"",""website"":""https://bangmixanh.com""}"
11915947569,node,Rau Củ Nâm Vegan,,wlan,restaurant,,Thực Đỏn,10.7785205,106.6622798,,,,,,2025-03-22T11:37:37Z,,osm_overpass,"{""addr:housenumber"":""1B"",""addr:street"":""Tam Đảo"",""air_conditioning"":""no"",""amenity"":""restaurant"",""cuisine"":""regional"",""diet:vegan"":""yes"",""diet:vegetarian"":""only"",""indoor_seating"":""yes"",""internet_access"":""wlan"",""name"":""Rau Củ Nâm Vegan"",""name:en"":""Rau Cu Nam Vegan"",""name:vi"":""Thực Đỏn – Rau Củ Nâm Vegan"",""opening_hours"":""Mo-Su 08:30-21:00"",""operator"":""Thực Đỏn"",""outdoor_seating"":""patio"",""phone"":""0767697788"",""smoking"":""no"",""wheelchair"":""no""}"
11915957469,node,Yẽu Đì,,wlan,,,Lucy & Leo Ngo,10.7974698,106.6571621,,,,,,2024-05-24T20:17:30Z,,osm_overpass,"{""addr:housenumber"":""7-9"",""addr:street"":""Hẻm 340C Hoàng Văn Thụ"",""contact:facebook"":""lovevinylsviet"",""contact:instagram"":""yeudiathan2020"",""internet_access"":""wlan"",""name"":""Yẽu Đì"",""name:en"":""Yeu Dia Than"",""name:vi"":""Yêu Đĩa Than"",""operator"":""Lucy & Leo Ngo"",""phone"":""0949734584"",""shop"":""music"",""website"":""https://yeudiathan.com/""}"
11945304469,node,Hoi Han Sense,,wlan,restaurant,,,10.7903868,106.6987892,,,,,,2024-05-30T15:29:21Z,,osm_overpass,"{""amenity"":""restaurant"",""internet_access"":""wlan"",""name:en"":""Hoi Han Sense"",""name:fr"":""Hoi Han Sense""}"
11945414169,node,Angels' Share,,wlan,bar,,,10.7783828,106.6986131,,,,,,2024-05-30T16:18:01Z,,osm_overpass,"{""amenity"":""bar"",""internet_access"":""wlan"",""name:en"":""Angels' Share"",""name:fr"":""Angels' Share""}"
12049412669,node,Hưng Thành,,wlan,,,,10.799231,106.6575611,,,,,,2024-07-12T13:40:05Z,,osm_overpass,"{""addr:housenumber"":""87"",""addr:street"":""Nguyễn Thái Bình"",""internet_access"":""wlan"",""name"":""Hưng Thành"",""phone"":""0911171879"",""tourism"":""hotel""}"
12272912607,node,Café Amber by Fitfatcat,,yes,cafe,,,10.7801938,106.6639767,,,,Thành phố Hồ Chí Minh,,2024-10-21T08:00:19Z,,osm_overpass,"{""addr:city"":""Ho Chi Minh City"",""addr:district"":""Quận 10"",""addr:housenumber"":""TT24"",""addr:postcode"":""700000"",""addr:province"":""Thành phố Hồ Chí Minh"",""addr:street"":""Tam Đảo"",""addr:subdistrict"":""Phường 15"",""amenity"":""cafe"",""cuisine"":""coffee_shop;pastry"",""internet_access"":""yes"",""internet_access:fee"":""no"",""name"":""Café Amber by Fitfatcat"",""opening_hours"":""Mo-Su 07:00-21:30"",""outdoor_seating"":""yes"",""phone"":""0907775925""}"
12295988101,node,Geek Hub,,wlan,internet_cafe,,,10.7876305,106.6993349,,,,,,2024-11-07T00:39:08Z,,osm_overpass,"{""addr:housenumber"":""27B/9"",""addr:street"":""Nguyễn Đình Chiểu"",""amenity"":""internet_cafe"",""contact:facebook"":""GEEKHubVN"",""contact:instagram"":""geekhubvn"",""email"":""geekhub.vn@gmail.com"",""internet_access"":""wlan"",""name"":""Geek Hub"",""opening_hours"":""Mo-Su 07:30-21:30"",""phone"":""+842822008683"",""website"":""https://geekhub.vn/""}"
12295988201,node,Geek Hub,,wlan,internet_cafe,,,10.7927497,106.6752782,,,,,,2024-11-07T00:39:09Z,,osm_overpass,"{""addr:housenumber"":""31"",""addr:street"":""Hẻm 244 Đường Huỳnh Văn Bánh"",""amenity"":""internet_cafe"",""contact:facebook"":""GEEKHubVN"",""contact:instagram"":""geekhubvn"",""email"":""geekhub.vn@gmail.com"",""internet_access"":""wlan"",""name"":""Geek Hub"",""opening_hours"":""Mo-Su 07:30-21:30"",""phone"":""+842822008683"",""website"":""https://geekhub.vn/""}"
12295997501,node,Prem Bistro,,wlan,restaurant,,,10.786495,106.6942548,,,,,,2025-07-12T05:39:20Z,,osm_overpass,"{""addr:housenumber"":""15"",""addr:street"":""Hẻm 187 Đường Điện Biên Phủ"",""amenity"":""restaurant"",""check_date"":""2025-07-12"",""contact:facebook"":""prembistro"",""cuisine"":""international"",""diet:vegetarian"":""yes"",""email"":""prembistro@gmail.com"",""internet_access"":""wlan"",""level"":""4"",""name"":""Prem Bistro"",""opening_hours"":""10:00-15:00,17:00-22:00"",""phone"":""+842862799920"",""website"":""https://www.prembistro.com"",""website:menu"":""https://www.prembistro.com/menu""}"
12297055401,node,Saigon Cozy2 At Bui Vien Walking Street,,wlan,,,,10.7677522,106.6924769,,,,,,2024-10-29T15:18:42Z,,osm_overpass,"{""addr:housenumber"":""241/12"",""addr:street"":""Hẻm 241 Phạm Ngũ Lão"",""internet_access"":""wlan"",""name"":""Saigon Cozy2 At Bui Vien Walking Street"",""tourism"":""hotel"",""website"":""https://www.booking.com/hotel/vn/saigon-cozy2-at-bui-vien-walking-street.de.html""}"
12327812901,node,Alagón City,,wlan,,,,10.7715372,106.6943158,,,,,,2024-11-14T06:08:03Z,,osm_overpass,"{""addr:housenumber"":""56"",""addr:street"":""Phạm Hồng Thái"",""email"":""foalagoncityhotels@gmail.com"",""internet_access"":""wlan"",""name"":""Alagón City"",""tourism"":""hotel"",""website"":""https://alagonhotels.com/""}"
12345317801,node,Saigon Europe Hotel & Spa,,wlan,,,,10.7677236,106.6937316,,,,,,2024-11-16T04:50:31Z,,osm_overpass,"{""addr:housenumber"":""207"",""addr:postcode"":""70000"",""addr:street"":""Ðề Thám"",""internet_access"":""wlan"",""name"":""Saigon Europe Hotel & Spa"",""opening_hours"":""24/7"",""tourism"":""hotel""}"
12347802901,node,Base Backpacker,,wlan,,,,10.765033,106.6948788,,,,,,2025-08-18T07:21:45Z,,osm_overpass,"{""addr:housenumber"":""129"",""addr:street"":""Ðề Thám"",""air_conditioning"":""yes"",""check_date"":""2025-08-18"",""guest_house"":""hostel"",""internet_access"":""wlan"",""name"":""Base Backpacker"",""tourism"":""hostel"",""website"":""http://basebackpackers.asia""}"
12422885328,node,Highlands Coffee,,yes,cafe,,,10.7687495,106.6952098,,,,Ho Chi Minh City,,2025-03-29T05:59:07Z,,osm_overpass,"{""addr:city"":""Ho Chi Minh City"",""addr:housenumber"":""132A"",""addr:place"":""District 1"",""addr:street"":""Nguyễn Thái Học"",""air_conditioning"":""yes"",""amenity"":""cafe"",""brand"":""Highlands Coffee"",""brand:wikidata"":""Q5759361"",""contact:mobile"":""+84 28 7108 7171"",""cuisine"":""coffee_shop;vietnamese"",""indoor_seating"":""yes"",""internet_access"":""yes"",""internet_access:fee"":""no"",""level"":""0;1"",""name"":""Highlands Coffee"",""name:en"":""Highlands Coffee"",""opening_hours"":""Mo-Su 06:00-23:00"",""outdoor_seating"":""no"",""ref"":""30024"",""smoking"":""no"",""takeaway"":""yes"",""toilets"":""yes"",""toilets:access"":""permissive""}"
12424554203,node,Saigon Chill Hostel,,wlan,,,,10.7681723,106.6947541,,,,,,2024-12-17T13:52:38Z,,osm_overpass,"{""addr:street"":""Hẻm 12 Bùi Viện"",""internet_access"":""wlan"",""name"":""Saigon Chill Hostel"",""opening_hours"":""24/7"",""phone"":""+84 918 997 878"",""tourism"":""hostel""}"
12470563501,node,Saigon Rooftops Hostel,,wlan,,,,10.7621408,106.6925809,,,,,,2025-01-03T03:11:32Z,,osm_overpass,"{""addr:housenumber"":""171/18"",""addr:street"":""Cô Bắc"",""email"":""saigonrooftopshostel@gmail.com"",""internet_access"":""wlan"",""name"":""Saigon Rooftops Hostel"",""phone"":""+84939989617"",""tourism"":""hostel""}"
12475137501,node,OKKIO Cafe,,wlan,cafe,,,10.7725238,106.698948,,,,Ho Chi Minh City,,2025-08-23T07:14:42Z,,osm_overpass,"{""addr:city"":""Ho Chi Minh City"",""addr:district"":""Quận 1"",""addr:housenumber"":""120-122"",""addr:street"":""Lê Lợi"",""addr:subdistrict"":""Phường Bến Thành"",""air_conditioning"":""yes"",""amenity"":""cafe"",""branch"":""Lê Lợi"",""brand"":""OKKIO Cafe"",""internet_access"":""wlan"",""internet_access:fee"":""customers"",""name"":""OKKIO Cafe"",""opening_hours"":""Mo-Su 07:30-20:00"",""outdoor_seating"":""no"",""toilets"":""yes"",""toilets:access"":""customers"",""toilets:unisex"":""yes"",""wheelchair"":""no""}"
12475292501,node,Lantern Hotel,,wlan,,,,10.7694108,106.692205,,,,,,2025-01-05T08:31:38Z,,osm_overpass,"{""addr:street"":""Hẻm 120 Lê Lai"",""email"":""lantern@neo-hospitality.com"",""internet_access"":""wlan"",""name"":""Lantern Hotel"",""phone"":""(+84) 28 3925 2691"",""tourism"":""hotel"",""website"":""https://neo-hospitality.com/""}"
12479768001,node,BrewBliss,,wlan,,,,10.7739354,106.6991035,,,,,,2025-01-07T03:51:42Z,,osm_overpass,"{""addr:housenumber"":""21"",""addr:street"":""Nguyễn Trung Trực"",""internet_access"":""wlan"",""name"":""BrewBliss"",""shop"":""coffee""}"
12480142901,node,Summer Experiment,,wlan,bar,,,10.7747294,106.6980846,,,,,,2025-01-07T10:01:07Z,,osm_overpass,"{""addr:housenumber"":""77-79 floor 2"",""addr:street"":""Đường Lý Tự Trọng"",""amenity"":""bar"",""internet_access"":""wlan"",""name"":""Summer Experiment"",""opening_hours"":""Su-Th 16:00-01:00;\nFr-Sa 16:00-02:00""}"
12483471701,node,Eggyolk Coffee,,wlan,cafe,,,10.7725992,106.6966088,,,,,,2025-01-22T09:30:51Z,,osm_overpass,"{""addr:housenumber"":""220"",""addr:street"":""Lê Thánh Tôn"",""amenity"":""cafe"",""internet_access"":""wlan"",""name"":""Eggyolk Coffee"",""website"":""https://eggyolk.vn/""}"
12485938001,node,Soo Kafe Bến Thành,,wlan,cafe,,,10.7725434,106.6971552,,,,,,2025-01-09T04:52:04Z,,osm_overpass,"{""addr:housenumber"":""35"",""addr:street"":""Phan Chu Trinh"",""amenity"":""cafe"",""internet_access"":""wlan"",""level"":""2"",""name"":""Soo Kafe Bến Thành""}"
12495530443,node,Phong Tra,,wlan,cafe,,,10.7984122,106.6848684,,,,Ho Chi Minh City,,2025-01-12T09:28:57Z,,osm_overpass,"{""addr:city"":""Ho Chi Minh City"",""addr:district"":""Phú Nhuận"",""addr:housenumber"":""103"",""addr:street"":""Hẻm 121 Cù Lao"",""addr:subdistrict"":""Phường 2"",""air_conditioning"":""yes"",""amenity"":""cafe"",""cuisine"":""coffee_shop"",""internet_access"":""wlan"",""internet_access:fee"":""customers"",""name"":""Phong Tra"",""outdoor_seating"":""no"",""power_supply"":""yes"",""toilets"":""yes"",""toilets:access"":""customers"",""toilets:unisex"":""yes"",""wheelchair"":""no""}"
12500734401,node,Pizza & Bia,,wlan,restaurant,,,10.784617,106.6942442,,,,,,2025-01-22T09:30:50Z,,osm_overpass,"{""addr:housenumber"":""4"",""addr:street"":""Hẻm 24 Phạm Ngọc Thạch"",""amenity"":""restaurant"",""cuisine"":""pizza"",""internet_access"":""wlan"",""name"":""Pizza & Bia"",""phone"":""+842838239398"",""website"":""https://www.pizzaandbia.com/""}"
12504148358,node,Tĩnh Books and Coffee,,wlan,cafe,,,10.7938455,106.6707495,,,,Ho Chi Minh City,,2025-01-15T10:04:17Z,,osm_overpass,"{""addr:city"":""Ho Chi Minh City"",""addr:district"":""Phú Nhuận"",""addr:housenumber"":""21"",""addr:street"":""Hẻm 182 Lê Văn Sỹ"",""addr:subdistrict"":""Phường 10"",""air_conditioning"":""yes"",""amenity"":""cafe"",""cuisine"":""coffee_shop"",""internet_access"":""wlan"",""internet_access:fee"":""customers"",""name"":""Tĩnh Books and Coffee"",""opening_hours"":""Mo-Su 08:00-22:00"",""toilets"":""yes"",""toilets:access"":""customers"",""toilets:unisex"":""yes"",""toilets:wheelchair"":""no""}"
12504148359,node,Kofuku Coffee,,wlan,cafe,,,10.7886823,106.6693837,,,,Ho Chi Minh City,,2026-03-31T00:37:45Z,,osm_overpass,"{""addr:city"":""Ho Chi Minh City"",""addr:district"":""Phú Nhuận"",""addr:housenumber"":""1162"",""addr:street"":""Trường Sa"",""addr:subdistrict"":""Phường 13"",""air_conditioning"":""yes"",""amenity"":""cafe"",""cuisine"":""coffee_shop"",""indoor_seating"":""yes"",""internet_access"":""wlan"",""internet_access:fee"":""customers"",""name"":""Kofuku Coffee"",""opening_hours"":""Mo-Su 07:00-22:00"",""outdoor_seating"":""yes"",""toilets"":""yes"",""toilets:access"":""customers"",""toilets:unisex"":""yes"",""toilets:wheelchair"":""no""}"
12506848566,node,Nhà Hàng Chay Bà Xã,,wlan,restaurant,,,10.7922884,106.6801556,,,,,,2025-10-31T12:05:34Z,,osm_overpass,"{""addr:housenumber"":""21G"",""addr:street"":""Hẻm 21 Nguyễn Văn Trỗi"",""air_conditioning"":""yes"",""amenity"":""restaurant"",""check_date"":""2025-10-31"",""check_date:diet:gluten_free"":""2025-10-31"",""check_date:diet:halal"":""2025-10-31"",""cuisine"":""vietnamese"",""diet:gluten_free"":""yes"",""diet:halal"":""yes"",""diet:vegan"":""only"",""diet:vegetarian"":""only"",""indoor_seating"":""yes"",""internet_access"":""wlan"",""internet_access:fee"":""customers"",""name"":""Nhà Hàng Chay Bà Xã"",""opening_hours"":""Mo-Su 09:00-22:00"",""outdoor_seating"":""no"",""phone"":""+84899183188"",""smoking"":""no"",""website"":""https://chaybaxa.com"",""wheelchair"":""no""}"
12509423408,node,RedDoor,,wlan,cafe,,,10.7901671,106.6962894,,,,Ho Chi Minh City,,2025-01-17T13:51:51Z,,osm_overpass,"{""addr:city"":""Ho Chi Minh City"",""addr:district"":""Quận 1"",""addr:housenumber"":""28"",""addr:street"":""Huỳnh Khương Ninh"",""addr:subdistrict"":""Đa Kao"",""air_conditioning"":""yes"",""amenity"":""cafe"",""cuisine"":""coffee_shop"",""internet_access"":""wlan"",""internet_access:fee"":""customers"",""name"":""RedDoor"",""opening_hours"":""Mo-Su 08:00-19:00"",""outdoor_seating"":""no"",""power_supply"":""yes"",""toilets"":""yes"",""toilets:access"":""customers"",""toilets:unisex"":""yes"",""toilets:wheelchair"":""no""}"
12528272701,node,Hello Saigon,,yes,restaurant,,,10.7685456,106.6938887,,,,,,2025-08-03T13:22:30Z,,osm_overpass,"{""amenity"":""restaurant"",""cuisine"":""vietnamese"",""diet:vegetarian"":""yes"",""internet_access"":""yes"",""name"":""Hello Saigon"",""wheelchair"":""limited""}"
12531408215,node,S'mores Chợ Lớn,,wlan,cafe,,,10.7523446,106.6666331,,,,Ho Chi Minh City,,2025-01-25T09:46:49Z,,osm_overpass,"{""addr:city"":""Ho Chi Minh City"",""addr:district"":""Quận 5"",""addr:housenumber"":""260"",""addr:street"":""Trần Hưng Đạo"",""addr:subdistrict"":""Phường 6"",""air_conditioning"":""yes"",""amenity"":""cafe"",""branch"":""Chợ Lớn"",""brand"":""S'mores Saigon"",""cuisine"":""coffee_shop"",""internet_access"":""wlan"",""internet_access:fee"":""customers"",""name"":""S'mores Chợ Lớn"",""outdoor_seating"":""no"",""power_supply"":""yes""}"
12549054628,node,KAI Coffee Hồng Bàng,,wlan,cafe,,,10.7550936,106.660206,,,,Ho Chi Minh City,,2025-02-01T13:53:09Z,,osm_overpass,"{""addr:city"":""Ho Chi Minh City"",""addr:district"":""Quận 5"",""addr:housenumber"":""136"",""addr:street"":""Hồng Bàng"",""addr:subdistrict"":""Phường 12"",""amenity"":""cafe"",""branch"":""Hồng Bàng"",""brand"":""KAI Coffee"",""cuisine"":""coffee_shop"",""internet_access"":""wlan"",""internet_access:fee"":""customers"",""name"":""KAI Coffee Hồng Bàng""}"
12550759028,node,The Thousand Beans,,wlan,cafe,,,10.7669375,106.6640859,,,,,,2025-02-02T05:53:56Z,,osm_overpass,"{""amenity"":""cafe"",""check_date"":""2025-02-02"",""cuisine"":""coffee_shop"",""internet_access"":""wlan"",""internet_access:fee"":""customers"",""name"":""The Thousand Beans"",""payment:cards"":""no"",""payment:cash"":""yes"",""payment:credit_cards"":""no"",""payment:debit_cards"":""no""}"
12558742575,node,Krishna,,wlan,restaurant,,,10.76849,106.696619,,,,,,2025-02-05T12:13:39Z,,osm_overpass,"{""addr:housenumber"":""99"",""addr:street"":""Đường Yersin"",""air_conditioning"":""yes"",""amenity"":""restaurant"",""check_date"":""2025-02-05"",""cuisine"":""indian"",""diet:vegan"":""yes"",""diet:vegetarian"":""only"",""indoor_seating"":""yes"",""internet_access"":""wlan"",""internet_access:fee"":""customers"",""name"":""Krishna"",""outdoor_seating"":""no"",""smoking"":""no"",""wheelchair"":""no""}"
12621001912,node,CỒ Tea House & Coffee,,yes,cafe,,,10.7960766,106.6669335,,,,Hồ Chí Minh,,2025-02-26T17:53:24Z,,osm_overpass,"{""addr:city"":""Thành phố Hồ Chí Minh"",""addr:district"":""Quận Tân Bình"",""addr:housenumber"":""236B/1b"",""addr:province"":""Hồ Chí Minh"",""addr:street"":""Hẻm 236 Lê Văn Sỹ"",""addr:subdistrict"":""Phường 1"",""amenity"":""cafe"",""cuisine"":""coffee_shop"",""internet_access"":""yes"",""name"":""CỒ Tea House & Coffee""}"
12756529601,node,,,wlan,,,,10.7753619,106.6904954,,,,,,2025-04-15T03:49:22Z,,osm_overpass,"{""addr:housenumber"":""204"",""internet_access"":""wlan"",""opening_hours"":""24/7"",""phone"":""0909802544"",""shop"":""massage"",""website"":""https://massagevua.net/forums/massagesaigonstar/""}"
12756537101,node,Massage Sài Gòn Star,,wlan,,,,10.7752919,106.6904951,,,,,,2025-04-15T03:55:49Z,,osm_overpass,"{""addr:street"":""Nguyễn Thị Minh Khai"",""internet_access"":""wlan"",""name"":""Massage Sài Gòn Star"",""name:en"":""Massge SaiGon Star"",""opening_hours"":""24/7"",""phone"":""0909802544"",""shop"":""massage"",""website"":""https://massagevua.net/forums/massagesaigonstar/""}"
12767970949,node,Bánh Canh Ghẹ Hẻm Mát,,yes,restaurant,,,10.7697455,106.6916041,,,,,,2025-08-12T11:24:31Z,,osm_overpass,"{""addr:housenumber"":""89/3"",""addr:street"":""Hẻm 89 Nguyễn Trãi"",""air_conditioning"":""yes"",""amenity"":""restaurant"",""cuisine"":""vietnamese"",""internet_access"":""yes"",""internet_access:fee"":""no"",""name"":""Bánh Canh Ghẹ Hẻm Mát"",""opening_hours"":""Mo-Fr,Su 10:00-21:00""}"
12803901853,node,Archie's,,yes,restaurant,,,10.754109,106.6864973,,,,,,2025-05-06T06:45:13Z,,osm_overpass,"{""addr:housenumber"":""624"",""addr:street"":""Võ Văn Kiệt"",""air_conditioning"":""yes"",""amenity"":""restaurant"",""contact:phone"":""+84 364 177 341"",""cuisine"":""pizza;american;wings"",""internet_access"":""yes"",""internet_access:fee"":""no"",""name"":""Archie's"",""outdoor_seating"":""no"",""self_service"":""no"",""takeaway"":""yes""}"
12816068713,node,Quán Mì Nấm,,yes,restaurant,,,10.7966415,106.6675088,,,,,,2025-05-07T04:09:28Z,,osm_overpass,"{""addr:housenumber"":""23"",""addr:street"":""Tân Canh"",""air_conditioning"":""no"",""amenity"":""restaurant"",""bar"":""no"",""cuisine"":""vietnamese"",""internet_access"":""yes"",""internet_access:fee"":""no"",""name"":""Quán Mì Nấm"",""opening_hours"":""Mo-Su 07:00-22:00"",""self_service"":""no"",""takeaway"":""yes"",""toilets"":""yes""}"
12823521141,node,Pizza Phú,,yes,restaurant,,,10.7664879,106.652917,,,,,,2025-05-09T13:57:56Z,,osm_overpass,"{""addr:district"":""Quận 5"",""addr:housenumber"":""337/84"",""addr:street"":""Hẻm 377 Lê Đại Hành"",""addr:subdistrict"":""Phường 11"",""air_conditioning"":""no"",""amenity"":""restaurant"",""bar"":""no"",""cuisine"":""italian;pizza"",""internet_access"":""yes"",""internet_access:fee"":""no"",""name"":""Pizza Phú"",""opening_hours"":""15:30-21:30"",""takeaway"":""yes""}"
12860099563,node,Tomato Kitchen,,yes,restaurant,,,10.7901419,106.6840807,,,,,,2025-05-24T05:30:02Z,,osm_overpass,"{""addr:district"":""Quận 3"",""addr:housenumber"":""290/20"",""addr:street"":""Hẻm 290 Nam Kỳ Khởi Nghĩa"",""addr:subdistrict"":""Phường 8"",""air_conditioning"":""yes"",""amenity"":""restaurant"",""cuisine"":""pasta;pizza;italian"",""internet_access"":""yes"",""internet_access:fee"":""no"",""level"":""1"",""name"":""Tomato Kitchen"",""opening_hours"":""Mo-Su 10:00-22:00"",""outdoor_seating"":""no"",""phone"":""+84 793 732 939""}"
12860099581,node,đẫm eatery,,yes,restaurant,,,10.7974751,106.6616964,,,,,,2025-05-24T05:30:02Z,,osm_overpass,"{""addr:district"":""Tân Bình"",""addr:housenumber"":""130/39"",""addr:street"":""Phạm Văn Hai"",""addr:subdistrict"":""2"",""air_conditioning"":""no"",""amenity"":""restaurant"",""cuisine"":""fried_rice;pasta"",""delivery"":""yes"",""internet_access"":""yes"",""internet_access:fee"":""no"",""name"":""đẫm eatery"",""opening_hours"":""Mo-Sa 16:20-01:00"",""outdoor_seating"":""no"",""takeaway"":""yes""}"
12874730901,node,The Ox Shack,,wlan,fast_food,,,10.7937478,106.6757624,,,,,,2025-05-30T06:03:46Z,,osm_overpass,"{""addr:housenumber"":""10i"",""addr:street"":""Trần Hữu Trang"",""amenity"":""fast_food"",""contact:facebook"":""theoxshack"",""contact:instagram"":""theoxshack"",""cuisine"":""burger"",""email"":""support@theoxshackvn.com"",""internet_access"":""wlan"",""name"":""The Ox Shack"",""opening_hours"":""Tu-Fr 11:00-19:30; Sa 08:00-12:00"",""phone"":""0938737163"",""self_service"":""no"",""website"":""https://theoxshackvn.com"",""website:menu"":""https://theoxshackvn.com/index.php/menu/""}"
12922496975,node,Kccshop,,yes,,,,10.758234,106.6617073,,,,,,2025-06-18T04:28:14Z,,osm_overpass,"{""addr:housenumber"":""8B"",""addr:street"":""Lý Thường Kiệt"",""internet_access"":""yes"",""internet_access:fee"":""no"",""name"":""Kccshop"",""opening_hours"":""08:30-21:00"",""shop"":""computer""}"
12965761701,node,VADA GYM,,wlan,,,,10.7959597,106.6917286,,,,,,2025-07-01T06:45:50Z,,osm_overpass,"{""addr:housenumber"":""290"",""addr:postcode"":""72200"",""addr:street"":""Trường Sa"",""contact:facebook"":""vadagym.fitness"",""contact:instagram"":""vadagym.phunhuan"",""email"":""vadagym290@gmail.com"",""internet_access"":""wlan"",""leisure"":""fitness_centre"",""name"":""VADA GYM"",""opening_hours"":""Mo-Su 05:30-22:00"",""phone"":""0931871248"",""website"":""https://vadagym.com/""}"
13005226801,node,G9 Homestay,,wlan,,,,10.7663427,106.6857452,,,,,,2025-07-17T05:04:41Z,,osm_overpass,"{""addr:housenumber"":""212B/68"",""addr:street"":""Nguyễn Trãi"",""internet_access"":""wlan"",""name"":""G9 Homestay"",""opening_hours"":""Mo-Su 09:00-22:00"",""phone"":""0932435494"",""tourism"":""apartment""}"
13075096192,node,Queen Ann Hotel,,wlan,,,,10.7711701,106.6895681,,,,,,2025-08-16T21:54:25Z,,osm_overpass,"{""addr:housenumber"":""86-88"",""addr:street"":""Bui Thi Xuan"",""internet_access"":""wlan"",""name"":""Queen Ann Hotel"",""tourism"":""hotel""}"
13077472201,node,Saigon Authentic Hostel,,wlan,,,,10.7591502,106.6994968,,,,,,2025-08-18T06:06:54Z,,osm_overpass,"{""addr:housenumber"":""81"",""addr:postcode"":""700000"",""addr:street"":""Đường số 45"",""email"":""saigonauthentichostels@gmail.com"",""internet_access"":""wlan"",""name"":""Saigon Authentic Hostel"",""opening_hours"":""24/7"",""tourism"":""hostel""}"
13081226501,node,Tonkin Speciality Coffee,,wlan,cafe,,,10.7744878,106.6978081,,,,,,2025-08-23T22:50:26Z,,osm_overpass,"{""addr:street"":""91 Lý Tự Trọng, Phường Bến Thành, Quận 1, Hồ Chí Minh 700000, Vietnam"",""amenity"":""cafe"",""internet_access"":""wlan"",""level"":""2"",""name"":""Tonkin Speciality Coffee"",""opening_hours"":""Mo-Su 08:00-21:00"",""outdoor_seating"":""yes"",""website"":""https://tonkin.coffee/"",""website:menu"":""https://maps.app.goo.gl/UrEAGudMRECYLDSr6?g_st=ipc""}"
13086193801,node,Tous les Jours,,wlan,,,,10.7575503,106.6998678,,,,,,2025-08-21T05:33:59Z,,osm_overpass,"{""addr:housenumber"":""201"",""addr:street"":""Đường Khánh Hội"",""internet_access"":""wlan"",""name"":""Tous les Jours"",""phone"":""+842836365775"",""shop"":""bakery""}"
13161585201,node,The Signature Hotel,,wlan,,,,10.7717327,106.6926339,,,,,,2025-09-22T15:12:21Z,,osm_overpass,"{""addr:housenumber"":""39"",""addr:postcode"":""700000"",""addr:street"":""Cách Mạng Tháng 8"",""internet_access"":""wlan"",""name"":""The Signature Hotel"",""self_service"":""no"",""tourism"":""hotel""}"
13206676701,node,Cafe Broken Rice - Coffee Hidden Local,,wlan,cafe,,,10.7902849,106.6772244,,,,,,2025-10-10T11:36:54Z,,osm_overpass,"{""addr:housenumber"":""386/67A1 Đ."",""addr:postcode"":""70000"",""addr:street"":""Hẻm 386 Lê Văn Sỹ"",""amenity"":""cafe"",""contact:instagram"":""brokenrice.cafe"",""internet_access"":""wlan"",""name"":""Cafe Broken Rice - Coffee Hidden Local"",""opening_hours"":""Mo-Su 08:15-22:30""}"
13206822602,node,AN CHI HOTEL,,wlan,,,,10.7944046,106.6727454,,,,,,2025-10-10T13:15:18Z,,osm_overpass,"{""addr:housenumber"":""76A/14"",""addr:postcode"":""70000"",""addr:street"":""Hẻm 114 Trương Quốc Dung"",""email"":""anchihotel@gmail.com"",""internet_access"":""wlan"",""name"":""AN CHI HOTEL"",""opening_hours"":""24/7"",""phone"":""+84 903 771 210"",""tourism"":""hotel"",""website"":""https://www.anchihotel.com/home""}"
13208090302,node,Tiệm Cà Phê Biil - Chợ,,wlan,cafe,,,10.793635,106.6723892,,,,,,2025-10-11T05:14:22Z,,osm_overpass,"{""addr:housenumber"":""8"",""addr:postcode"":""55000"",""addr:street"":""Hẻm 84A Trần Hữu Trang"",""amenity"":""cafe"",""internet_access"":""wlan"",""name"":""Tiệm Cà Phê Biil - Chợ"",""opening_hours"":""Mo-Su 06:00-22:30"",""phone"":""0382 786 027""}"
13227047602,node,Cafe AM:PM,,wlan,cafe,,,10.7952823,106.6740024,,,,,,2025-10-12T03:53:16Z,,osm_overpass,"{""addr:street"":""Hẻm 19 Mai Văn Ngọc"",""amenity"":""cafe"",""contact:facebook"":""141519912370321"",""contact:instagram"":""ampm.cafe.saigon"",""internet_access"":""wlan"",""name"":""Cafe AM:PM"",""opening_hours"":""Tu-Su 08:00-22:00; Mo 12:00-22:00"",""phone"":""0933 719 685""}"
13227835501,node,Y coffee roastery,,wlan,cafe,,,10.7696283,106.6836999,,,,,,2026-02-05T16:20:38Z,,osm_overpass,"{""addr:housenumber"":""428, ward 5"",""addr:street"":""Võ Văn Tần"",""amenity"":""cafe"",""cuisine"":""coffee_shop"",""internet_access"":""wlan"",""level"":""1"",""name"":""Y coffee roastery"",""outdoor_seating"":""no""}"
13245358101,node,96B cafe & roastery,,wlan,cafe,,,10.7900936,106.6967422,,,,,,2025-10-20T08:03:05Z,,osm_overpass,"{""addr:housenumber"":""96B"",""addr:postcode"":""700000"",""addr:street"":""Phan Ngữ"",""amenity"":""cafe"",""internet_access"":""wlan"",""name"":""96B cafe & roastery"",""opening_hours"":""Mo-Su 08:00-18:00"",""phone"":""0969 758 896"",""website"":""https://www.96b.co/""}"
13255356828,node,iVegan Supershop,,wlan,restaurant,,,10.7716659,106.6951726,,,,,,2026-04-30T10:19:31Z,,osm_overpass,"{""addr:housenumber"":""29"",""addr:street"":""Lê Anh Xuân"",""air_conditioning"":""yes"",""amenity"":""restaurant"",""check_date"":""2026-04-30"",""check_date:opening_hours"":""2026-04-30"",""contact:facebook"":""iveganvietnam"",""contact:instagram"":""ivegan.vietnam"",""cuisine"":""international"",""diet:gluten_free"":""yes"",""diet:halal"":""yes"",""diet:vegan"":""only"",""diet:vegetarian"":""only"",""indoor_seating"":""yes"",""internet_access"":""wlan"",""level"":""0"",""name"":""iVegan Supershop"",""opening_hours"":""Mo-Su 08:30-22:00"",""outdoor_seating"":""no"",""self_service"":""only"",""smoking"":""no"",""website"":""https://ivegansupershop.com/"",""website:menu"":""https://ivegansupershop.com/menu"",""wheelchair"":""no""}"
13272778122,node,Giant Ibis Transport Ho Chi Minh,,yes,bus_station,,Giant Ibis Transport Ho Chi Minh,10.7676983,106.6909237,,,,Thành phố Hồ Chí Minh,,2025-10-31T18:27:47Z,,osm_overpass,"{""addr:city"":""Ho Chi Minh City"",""addr:district"":""District 1"",""addr:province"":""Thành phố Hồ Chí Minh"",""addr:street"":""Phạm Ngũ Lão"",""addr:subdistrict"":""phường Phạm Ngũ Lão"",""amenity"":""bus_station"",""bus"":""yes"",""internet_access"":""yes"",""internet_access:fee"":""customers"",""name"":""Giant Ibis Transport Ho Chi Minh"",""operator"":""Giant Ibis Transport Ho Chi Minh"",""public_transport"":""station""}"
13296773101,node,SOUL RESTAURANT & BAR,,wlan,restaurant,,,10.7731871,106.6978445,,,,,,2025-11-11T14:26:21Z,,osm_overpass,"{""amenity"":""restaurant"",""internet_access"":""wlan"",""name:en"":""SOUL RESTAURANT & BAR""}"
13302871326,node,Tung's,,wlan,restaurant,,,10.7724964,106.6965364,,,,,,2026-04-30T09:06:09Z,,osm_overpass,"{""addr:housenumber"":""230"",""addr:street"":""Lê Thánh Tôn"",""air_conditioning"":""yes"",""amenity"":""restaurant"",""bar"":""yes"",""brewery"":""yes"",""check_date"":""2026-04-30"",""cuisine"":""regional;vietnamese"",""diet:vegetarian"":""yes"",""internet_access"":""wlan"",""internet_access:fee"":""customers"",""name"":""Tung's"",""name:vi"":""Tung's"",""payment:cash"":""yes"",""payment:credit_cards"":""yes"",""payment:debit_cards"":""yes"",""wheelchair"":""no""}"
13319722322,node,SOBO Coffee & Matcha,,wlan,cafe,,,10.7727902,106.6934539,,,,Hồ Chí Minh,,2025-11-20T17:38:57Z,,osm_overpass,"{""addr:city"":""Ho Chi Minh City"",""addr:district"":""1"",""addr:housenumber"":""135"",""addr:postcode"":""70000"",""addr:province"":""Hồ Chí Minh"",""addr:street"":""Nguyễn Du"",""addr:subdistrict"":""Bến Thành"",""air_conditioning"":""yes"",""amenity"":""cafe"",""capacity"":""50"",""contact:facebook"":""facebook.com/sobosaigon"",""cuisine"":""coffee_shop"",""internet_access"":""wlan"",""internet_access:fee"":""customers"",""name"":""SOBO Coffee & Matcha"",""opening_hours"":""Mo-Su 09:00-19:00"",""outdoor_seating"":""yes"",""payment:apple_pay"":""yes"",""payment:credit_cards"":""yes"",""payment:google_pay"":""yes"",""payment:mastercard"":""yes"",""payment:visa"":""yes"",""phone"":""+84964267028"",""smoking"":""outside"",""website"":""https://sobosaigon.my.canva.site/""}"
13335192401,node,Acnos Hotel,,wlan,,,,10.7706314,106.6939594,,,,,,2025-11-27T03:56:11Z,,osm_overpass,"{""addr:housenumber"":""18-20"",""addr:street"":""Nguyễn Thị Nghĩa"",""internet_access"":""wlan"",""name"":""Acnos Hotel"",""opening_hours"":""24/7"",""phone"":""(+84 -28) 39 25 2090"",""tourism"":""hotel"",""website"":""https://acnoshotel.com/""}"
13361095301,node,Guta Nguyễn Văn Thủ,,wlan,cafe,,,10.7879292,106.6970183,,,,,,2025-12-08T09:32:57Z,,osm_overpass,"{""addr:housenumber"":""146"",""addr:street"":""Nguyễn Văn Thủ"",""amenity"":""cafe"",""cuisine"":""vietnamese"",""internet_access"":""wlan"",""name"":""Guta Nguyễn Văn Thủ"",""phone"":""+842862853468""}"
13361117501,node,Belgo Nguyễn Văn Thủ - Belgian Craft Beer & Restaurant,,wlan,restaurant,,,10.7887704,106.697965,,,,,,2025-12-08T09:32:59Z,,osm_overpass,"{""addr:housenumber"":""159A"",""addr:street"":""Nguyễn Văn Thủ"",""amenity"":""restaurant"",""internet_access"":""wlan"",""name"":""Belgo Nguyễn Văn Thủ - Belgian Craft Beer & Restaurant""}"
13375722301,node,Ốc Singapore - Hải Sản Bình Dân,,wlan,restaurant,,,10.7622276,106.6939335,,,,,,2025-12-14T11:37:32Z,,osm_overpass,"{""addr:housenumber"":""144"",""addr:street"":""Cô Giang"",""amenity"":""restaurant"",""cuisine"":""seafood;vietnamese"",""internet_access"":""wlan"",""name"":""Ốc Singapore - Hải Sản Bình Dân"",""phone"":""+84901678051""}"
13415542101,node,MÌ Ý A.HOÀI - Do Chính A.HOÀI Đảm Trách,,wlan,restaurant,,,10.7607761,106.690652,,,,,,2025-12-29T11:41:40Z,,osm_overpass,"{""amenity"":""restaurant"",""cuisine"":""italian;italian_pizza"",""internet_access"":""wlan"",""level"":""0"",""name"":""MÌ Ý A.HOÀI - Do Chính A.HOÀI Đảm Trách"",""outdoor_seating"":""no"",""self_service"":""no""}"
13417398401,node,Vũ Linh Buslines,,wlan,,,,10.775268,106.6716144,,,,,,2025-12-30T06:10:57Z,,osm_overpass,"{""addr:housenumber"":""450"",""addr:street"":""Cao Thắng"",""internet_access"":""wlan"",""level"":""0"",""name"":""Vũ Linh Buslines"",""shop"":""travel_agency""}"
13447450401,node,Cơm tấm Nguyễn Văn Cừ,,wlan,restaurant,,,10.7568815,106.6852208,,,,,,2026-01-11T05:10:16Z,,osm_overpass,"{""addr:housenumber"":""74"",""addr:street"":""Nguyễn Văn Cừ"",""amenity"":""restaurant"",""cuisine"":""vietnamese"",""internet_access"":""wlan"",""name"":""Cơm tấm Nguyễn Văn Cừ"",""opening_hours"":""Mo-Su 07:00-15:00""}"
13528692501,node,A Priori Coffee House,,wlan,cafe,,,10.7727773,106.6684402,,,,,,2026-02-06T10:02:35Z,,osm_overpass,"{""addr:housenumber"":""11"",""addr:street"":""Hẻm 449 Sư Vạn Hạnh"",""amenity"":""cafe"",""cuisine"":""coffee_shop"",""internet_access"":""wlan"",""name"":""A Priori Coffee House""}"
13531426301,node,Viva Star Coffee,,wlan,cafe,,,10.7725572,106.6649513,,,,,,2026-02-07T06:40:00Z,,osm_overpass,"{""addr:housenumber"":""53"",""addr:street"":""Thành Thái"",""amenity"":""cafe"",""cuisine"":""coffee_shop"",""internet_access"":""wlan"",""name"":""Viva Star Coffee""}"
13531426401,node,Mai Cà Phê,,wlan,cafe,,,10.7724315,106.6660941,,,,,,2026-02-07T06:40:02Z,,osm_overpass,"{""addr:housenumber"":""38"",""addr:street"":""Hẻm 82 Thành Thái"",""amenity"":""cafe"",""cuisine"":""coffee_shop"",""internet_access"":""wlan"",""name"":""Mai Cà Phê""}"
13532595201,node,Cà Phê Sài Thành,,wlan,cafe,,,10.7715814,106.6682007,,,,,,2026-02-07T18:26:12Z,,osm_overpass,"{""amenity"":""cafe"",""cuisine"":""coffee_shop"",""internet_access"":""wlan"",""name"":""Cà Phê Sài Thành""}"
13532633101,node,Là Việt Coffee,,wlan,cafe,,,10.7776691,106.6836597,,,,,,2026-02-11T19:08:43Z,,osm_overpass,"{""addr:housenumber"":""57A"",""addr:street"":""Tú Xương"",""amenity"":""cafe"",""cuisine"":""coffee_shop"",""internet_access"":""wlan"",""name"":""Là Việt Coffee"",""website"":""https://laviet.coffee/""}"
13532771301,node,Cafe Bistro Kingdom,,wlan,cafe,,,10.775928,106.6630836,,,,,,2026-02-07T19:50:16Z,,osm_overpass,"{""addr:housenumber"":""334"",""addr:street"":""Tô Hiến Thành"",""amenity"":""cafe"",""cuisine"":""coffee_shop"",""internet_access"":""wlan"",""name"":""Cafe Bistro Kingdom""}"
13532774901,node,Viva To Go,,wlan,cafe,,,10.7775862,106.6612112,,,,,,2026-02-07T19:52:55Z,,osm_overpass,"{""addr:street"":""Đường D1"",""amenity"":""cafe"",""cuisine"":""coffee_shop"",""internet_access"":""wlan"",""name"":""Viva To Go""}"
13534051304,node,Tàu Hủ Chà Neo,,yes,cafe,,,10.7710123,106.6667692,,,,,,2026-02-08T11:49:25Z,,osm_overpass,"{""addr:housenumber"":""458/109"",""addr:street"":""Đường 3 Tháng 2"",""air_conditioning"":""yes"",""amenity"":""cafe"",""cuisine"":""dessert;bubble_tea;flan"",""internet_access"":""yes"",""internet_access:fee"":""customers"",""name"":""Tàu Hủ Chà Neo"",""outdoor_seating"":""yes""}"
13568617953,node,Annie House,,wlan,,,,10.7719801,106.6934172,,,,Ho Chi Minh City,,2026-02-16T02:07:05Z,,osm_overpass,"{""addr:city"":""Ho Chi Minh City"",""addr:district"":""District 1"",""addr:housenumber"":""6/6"",""addr:street"":""Hẻm 6 Cách Mạng Tháng Tám"",""internet_access"":""wlan"",""internet_access:fee"":""customers"",""name"":""Annie House"",""payment:cards"":""yes"",""payment:cash"":""yes"",""phone"":""+84 968887213"",""tourism"":""hotel""}"
13710080320,node,Dế Garden,,yes,cafe,,,10.7944976,106.691846,,,,Thành phố Hồ Chí Minh,,2026-04-06T02:36:48Z,,osm_overpass,"{""addr:city"":""Thành phố Hồ Chí Minh"",""addr:district"":""Quận 1"",""addr:housenumber"":""104"",""addr:postcode"":""72200"",""addr:province"":""Thành phố Hồ Chí Minh"",""addr:street"":""Hẻm 53 Trần Khánh Dư"",""addr:subdistrict"":""Phường Tân Định"",""amenity"":""cafe"",""internet_access"":""yes"",""name"":""Dế Garden"",""outdoor_seating"":""yes"",""website"":""https://www.facebook.com/DeGarden.PlantWorkshop/""}"
13741794601,node,Family House,,wlan,,,,10.7663216,106.6927359,,,,,,2026-04-19T19:35:55Z,,osm_overpass,"{""addr:housenumber"":""107/19"",""addr:street"":""Bùi Viện"",""check_date"":""2026-04-20"",""internet_access"":""wlan"",""name"":""Family House"",""phone"":""+8492733933"",""tourism"":""guest_house"",""website"":""https://www.booking.com/hotel/vn/family-house-quan-1.de.html""}"
13741922501,node,PhinPhin Coffee,,wlan,cafe,,,10.7667477,106.6907877,,,,,,2026-04-19T07:47:30Z,,osm_overpass,"{""addr:housenumber"":""39/7"",""addr:street"":""Ðỗ Quang Ðẩu"",""amenity"":""cafe"",""check_date"":""2026-04-19"",""check_date:opening_hours"":""2026-04-19"",""contact:facebook"":""PhinPhinCoffee"",""contact:instagram"":""PhinPhinCoffee.VN"",""cuisine"":""breakfast;sandwich"",""diet:vegan"":""yes"",""diet:vegetarian"":""yes"",""internet_access"":""wlan"",""name"":""PhinPhin Coffee"",""opening_hours"":""Mo-Su 07:00-21:00"",""phone"":""+84364653381""}"
13743230101,node,Gotcha Saigon,,wlan,restaurant,,,10.7683685,106.6933655,,,,,,2026-04-23T16:08:52Z,,osm_overpass,"{""addr:housenumber"":""267"",""addr:street"":""Ðề Thám"",""amenity"":""restaurant"",""check_date"":""2026-04-23"",""check_date:opening_hours"":""2026-04-23"",""cuisine"":""burger;hotdog;kebab;sandwich"",""diet:vegan"":""yes"",""diet:vegetarian"":""yes"",""email"":""gotchasaigon@gmail.com"",""internet_access"":""wlan"",""level"":""0"",""name"":""Gotcha Saigon"",""opening_hours"":""24/7"",""phone"":""+84834336966"",""self_service"":""only""}"
13744749021,node,LOWKEY COFFEE LC,,yes,cafe,,,10.7722402,106.6927673,,,,Ho Chi Minh City,,2026-04-20T09:35:02Z,,osm_overpass,"{""addr:city"":""Ho Chi Minh City"",""addr:district"":""District 1"",""addr:housenumber"":""159"",""addr:street"":""Nguyễn Du"",""addr:subdistrict"":""Bến Thành"",""amenity"":""cafe"",""cuisine"":""coffee_shop;tea;dessert"",""internet_access"":""yes"",""name"":""LOWKEY COFFEE LC"",""opening_hours"":""24/7"",""outdoor_seating"":""yes"",""payment:cash"":""yes"",""payment:contactless"":""yes"",""payment:debit_cards"":""yes"",""phone"":""+84 0335055072""}"
13760293401,node,Station Sports Bar,,wlan,restaurant,,,10.7664308,106.691926,,,,,,2026-04-25T08:19:33Z,,osm_overpass,"{""addr:housenumber"":""135"",""addr:street"":""Bùi Viện"",""amenity"":""restaurant"",""check_date"":""2026-04-25"",""check_date:opening_hours"":""2026-04-25"",""cuisine"":""burger;pizza;vietnamese"",""internet_access"":""wlan"",""level"":""0"",""name"":""Station Sports Bar"",""opening_hours"":""24/7"",""phone"":""+84815135137"",""website"":""https://www.stationsportbar.com/"",""website:menu"":""https://drive.google.com/drive/mobile/folders/1n1yTwsCQeWD45enfJp5PGg0k06XS_3ql""}"
13767407801,node,DETROIT PIZZA,,wlan,restaurant,,,10.7653911,106.6900919,,,,,,2026-04-27T16:00:31Z,,osm_overpass,"{""amenity"":""restaurant"",""check_date"":""2026-04-27"",""contact:facebook"":""detroitpizzavn"",""cuisine"":""korean;pasta;pizza"",""internet_access"":""wlan"",""name"":""DETROIT PIZZA""}"
140703186,way,Trường Đại học Khoa học Tự nhiên - ĐHQG Thành phố Hồ Chí Minh - Cơ sở 1,,yes,university,,,10.7623947,106.6816972,,,,Ho Chi Minh City,,2025-11-20T10:36:07Z,,osm_overpass,"{""addr:city"":""Ho Chi Minh City"",""addr:housenumber"":""227"",""addr:postcode"":""70000"",""addr:street"":""Nguyễn Văn Cừ"",""addr:subdistrict"":""Phường 4"",""alt_name"":""Trường Đại học Khoa học Tự nhiên - Đại học Quốc gia Thành phố Hồ Chí Minh"",""alt_name:en"":""The University of Science - VNUHCM - Campus 1"",""amenity"":""university"",""int_name"":""University of Sciences"",""internet_access"":""yes"",""internet_access:fee"":""no"",""name"":""Trường Đại học Khoa học Tự nhiên - ĐHQG Thành phố Hồ Chí Minh - Cơ sở 1"",""name:en"":""Ho Chi Minh City University of Sciences - Campus 1"",""name:fr"":""Université des Sciences - VNU HCMV - Campus 1"",""name:vi"":""Trường Đại học Khoa học Tự nhiên - ĐHQG Thành phố Hồ Chí Minh - Cơ sở 1"",""old_name"":""University of Natural Sciences"",""short_name"":""ĐH KHTN - cơ sở 1"",""short_name:en"":""HCMUS - Campus 1"",""wikidata"":""Q5873997"",""wikimedia_commons"":""Category:Ho Chi Minh City University of Science"",""wikipedia"":""vi:Trường Đại học Khoa học Tự nhiên, Đại học Quốc gia Thành phố Hồ Chí Minh""}"
152993734,way,Trường Đại học Sài Gòn – cơ sở chính,,wlan,university,,Ủy ban nhân dân Thành phố Hồ Chí Minh,10.7596827,106.6821439,,,,Thành phố Hồ Chí Minh,,2025-07-25T05:31:58Z,,osm_overpass,"{""addr:district"":""Quận 5"",""addr:housenumber"":""273"",""addr:province"":""Thành phố Hồ Chí Minh"",""addr:street"":""An Dương Vương"",""addr:subdistrict"":""Phường 03"",""amenity"":""university"",""email"":""daihocsaigon@sgu.edu.vn"",""internet_access"":""wlan"",""internet_access:fee"":""no"",""name"":""Trường Đại học Sài Gòn – cơ sở chính"",""name:en"":""Saigon University–Main Campus"",""name:fr"":""Université de Saïgon – campus principal"",""old_name"":""Lycée Franco-Chinois;Bác ái Học viện"",""old_name:fr"":""Lycée Franco-Chinois;Collège Fraternité"",""old_name:vi"":""Bác ái Học viện"",""old_name:zh"":""中法學堂;博愛學院"",""operator"":""Ủy ban nhân dân Thành phố Hồ Chí Minh"",""operator:type"":""government"",""short_name"":""SGU – CS chính"",""website"":""https://www.sgu.edu.vn"",""wikidata"":""Q368923"",""wikimedia_commons"":""Category:Saigon University"",""wikipedia"":""en:Saigon University""}"
165520768,way,Khách sạn & Suites JW Marriott Sài Gòn,,wlan,,,,10.7811859,106.7006048,,,,Ho Chi Minh City,,2024-12-23T05:38:40Z,,osm_overpass,"{""addr:city"":""Ho Chi Minh City"",""addr:district"":""1"",""addr:housenumber"":""39"",""addr:street"":""Lê Duẩn"",""addr:subdistrict"":""Bến Nghé"",""brand"":""JW Marriott"",""brand:wikidata"":""Q1067636"",""building"":""office"",""email"":""jw.sgnjs.reservation@marriott.com"",""fixme"":""dimensions unknown"",""internet_access"":""wlan"",""layer"":""-1"",""location"":""surface"",""name"":""Khách sạn & Suites JW Marriott Sài Gòn"",""name:en"":""JW Marriott Hotel and Suites Saigon"",""phone"":""+84 28 35209999"",""tourism"":""hotel"",""website"":""https://www.marriott.com/en-us/hotels/sgnjs-jw-marriott-hotel-and-suites-saigon/overview/""}"
196546231,way,Vissai Saigon Hotel,,wlan,,,,10.7988628,106.6708373,,,,Hồ Chí Minh,,2023-03-08T10:38:07Z,,osm_overpass,"{""addr:district"":""Phú Nhuận"",""addr:housenumber"":""144"",""addr:province"":""Hồ Chí Minh"",""addr:street"":""Nguyễn Văn Trỗi"",""addr:subdistrict"":""Phường 8"",""building"":""yes"",""fax"":""+84 8 39958888"",""internet_access"":""wlan"",""internet_access:fee"":""no"",""name"":""Vissai Saigon Hotel"",""phone"":""+84 8 39998888"",""tourism"":""hotel"",""website"":""http://www.starcitysaigon.com""}"
237665212,way,"Trường Đại học Bách khoa, Đại học Quốc gia Thành phố Hồ Chí Minh",,yes,university,,,10.7734243,106.6596605,,,,Ho Chi Minh City,,2026-01-24T18:36:42Z,,osm_overpass,"{""addr:city"":""Ho Chi Minh City"",""addr:district"":""10"",""addr:housenumber"":""268"",""addr:postcode"":""70000"",""addr:street"":""Lý Thường Kiệt"",""addr:subdistrict"":""14"",""amenity"":""university"",""internet_access"":""yes"",""name"":""Trường Đại học Bách khoa, Đại học Quốc gia Thành phố Hồ Chí Minh"",""old_name"":""Trung tâm Kỹ thuật Phú Thọ"",""wikidata"":""Q3101701"",""wikipedia"":""vi:Trường Đại học Bách khoa, Đại học Quốc gia Thành phố Hồ Chí Minh""}"
263444624,way,Trường Quốc tế Á Châu,,wlan,school,,,10.7743785,106.6751307,,,,,,2025-09-01T01:13:05Z,,osm_overpass,"{""addr:housenumber"":""177B"",""amenity"":""school"",""building"":""yes"",""building:levels"":""7"",""internet_access"":""wlan"",""level"":""7"",""name"":""Trường Quốc tế Á Châu""}"
263502849,way,Liberty 4,,yes,,,,10.7679969,106.6923563,,,,Ho Chi Minh City,,2026-03-13T17:01:49Z,,osm_overpass,"{""addr:city"":""Ho Chi Minh City"",""addr:district"":""Quận 1"",""building"":""yes"",""internet_access"":""yes"",""name"":""Liberty 4"",""tourism"":""hotel""}"
327192432,way,Khách sạn Phú Thọ,,wlan,,,,10.7623507,106.6576695,,,,Thành phố Hồ Chí Minh,,2022-10-20T13:24:40Z,,osm_overpass,"{""addr:city"":""Thành phố Hồ Chí Minh"",""addr:district"":""Quận 11"",""addr:housenumber"":""915"",""addr:street"":""Đường 3 Tháng 2"",""addr:subdistrict"":""Phường 7"",""building"":""yes"",""email"":""phothohotel@hcm.vnn.vn"",""internet_access"":""wlan"",""internet_access:fee"":""no"",""name"":""Khách sạn Phú Thọ"",""name:en"":""Phú Thọ Hotel"",""phone"":""08 38 55 13 10"",""tourism"":""hotel"",""website"":""http://phuthohotel.com.vn/""}"
372305003,way,Bưu điện quận Phú Nhuận,,wlan,post_office,,,10.7963105,106.6813462,,,,,,2016-12-04T20:34:42Z,,osm_overpass,"{""addr:street"":""Huỳnh Văn Bánh"",""amenity"":""post_office"",""building"":""yes"",""internet_access"":""wlan"",""name"":""Bưu điện quận Phú Nhuận""}"
410390689,way,McDonald's,,wlan,fast_food,,,10.7925984,106.6987537,,,,,,2025-05-30T15:26:10Z,,osm_overpass,"{""amenity"":""fast_food"",""brand"":""McDonald's"",""brand:wikidata"":""Q38076"",""brand:wikipedia"":""en:McDonald's"",""building"":""yes"",""cuisine"":""burger"",""internet_access"":""wlan"",""name"":""McDonald's"",""name:de"":""McDonald's"",""opening_hours"":""24/7"",""takeaway"":""yes""}"
418891949,way,Bệnh viện An Sinh,,wlan,hospital,,,10.7913163,106.6785309,,,,Hồ Chí Minh,,2019-03-30T15:47:56Z,,osm_overpass,"{""addr:district"":""Phú Nhuận"",""addr:housenumber"":""10"",""addr:province"":""Hồ Chí Minh"",""addr:street"":""Trần Huy Liệu"",""addr:subdistrict"":""Phường 12"",""amenity"":""hospital"",""internet_access"":""wlan"",""name"":""Bệnh viện An Sinh"",""name:en"":""An Sinh Hospital"",""phone"":""028 3845 7777"",""website"":""http://www.anhsinh.com.vn""}"
440707744,way,Saigon Hanoi Hotel,,wlan,,,,10.7943042,106.6759527,,,VN,Ho Chi Minh City,,2024-09-11T08:53:02Z,,osm_overpass,"{""addr:city"":""Ho Chi Minh City"",""addr:country"":""VN"",""addr:district"":""Phu Nhuan"",""addr:housenumber"":""145/8"",""addr:street"":""Nguyen Van Troi"",""addr:subdistrict"":""Phường 11"",""building"":""yes"",""email"":""reservation@saigonhanoihotel.vn"",""fax"":""+84 8 384 200 34"",""internet_access"":""wlan"",""internet_access:fee"":""no"",""name"":""Saigon Hanoi Hotel"",""phone"":""+84 8 384 203 33"",""stars"":""3"",""tourism"":""hotel"",""website"":""http://saigonhanoihotel.vn/"",""wheelchair"":""limited""}"
455098488,way,Khách sạn Đồng Khánh,,wlan,,,,10.7531938,106.6717631,,,,Hồ Chí Minh,,2024-04-20T18:04:12Z,,osm_overpass,"{""addr:city"":""Ho Chi Minh City"",""addr:district"":""5"",""addr:housenumber"":""2"",""addr:province"":""Hồ Chí Minh"",""addr:street"":""Đường Trần Hưng Ðạo"",""addr:subdistrict"":""7"",""building"":""yes"",""internet_access"":""wlan"",""name"":""Khách sạn Đồng Khánh"",""name:de"":""Dong Khanh Hotel"",""name:en"":""Dong Khanh Hotel"",""name:vi"":""Khách sạn Đồng Khánh"",""phone"":""+848 3923 6404"",""rooms"":""76"",""stars"":""3"",""tourism"":""hotel"",""website"":""https://dongkhanhhotel.com/""}"
556234623,way,Vạn Hạnh Mall,,wlan,,,,10.770575,106.6695631,,,,Thành phố Hồ Chí Minh,,2025-09-01T01:13:03Z,,osm_overpass,"{""addr:district"":""Quận 10"",""addr:housenumber"":""11"",""addr:province"":""Thành phố Hồ Chí Minh"",""addr:street"":""Sư Vạn Hạnh"",""building"":""retail"",""building:levels"":""7"",""internet_access"":""wlan"",""name"":""Vạn Hạnh Mall"",""name:ja"":""ヴァンハン モール"",""shop"":""mall"",""website"":""https://vanhanhmall.com/"",""wheelchair"":""yes""}"
612477975,way,Namoo Cafe,,yes,cafe,,,10.7726011,106.6789944,,,,,,2025-05-15T12:57:19Z,,osm_overpass,"{""addr:district"":""Quận 3"",""addr:housenumber"":""103"",""addr:postcode"":""70000"",""addr:street"":""Cao Thắng"",""addr:subdistrict"":""Phường 3"",""amenity"":""cafe"",""building"":""yes"",""internet_access"":""yes"",""internet_access:fee"":""no"",""name"":""Namoo Cafe"",""opening_hours"":""07:30-22:30""}"
612482867,way,Viva Star Coffee,,yes,cafe,,,10.7728893,106.6789424,,,,Ho Chi Minh city,,2025-05-15T12:57:19Z,,osm_overpass,"{""addr:city"":""Ho Chi Minh city"",""addr:district"":""District 10"",""addr:housenumber"":""462"",""addr:postcode"":""7000000"",""addr:street"":""Điện Biên Phủ"",""addr:subdistrict"":""Ward 10"",""amenity"":""cafe"",""building"":""no"",""cuisine"":""coffee"",""internet_access"":""yes"",""name"":""Viva Star Coffee""}"
726762754,way,Khách sạn Minh Châu,,wlan,,,Phu Nguyen,10.7784921,106.6728808,,,,,,2025-03-29T09:32:02Z,,osm_overpass,"{""addr:housenumber"":""119 - 119C"",""addr:street"":""Hoà Hưng"",""building"":""yes"",""check_date"":""2025-03-29"",""email"":""minhchauhotel1@yahoo.com"",""internet_access"":""wlan"",""name"":""Khách sạn Minh Châu"",""name:en"":""Minh Chau Hotel"",""operator"":""Phu Nguyen"",""phone"":""+84 942 865 910"",""tourism"":""hotel"",""website"":""http://minhchauhotel.com""}"
737948715,way,Aurora Serviced Apartments,,wlan,,,,10.7760302,106.6900816,,,,,,2019-10-25T16:24:53Z,,osm_overpass,"{""addr:housenumber"":""103"",""addr:street"":""Võ Văn Tần"",""air_conditioning"":""yes"",""building"":""yes"",""building:levels"":""8"",""fridge"":""yes"",""internet_access"":""wlan"",""internet_access:fee"":""no"",""name"":""Aurora Serviced Apartments"",""roof:levels"":""0"",""stove"":""yes"",""tourism"":""hotel""}"
802105003,way,Cochin Sang Hotel,,wlan,,,,10.7719295,106.6967753,,,,,,2024-03-18T18:38:38Z,,osm_overpass,"{""addr:housenumber"":""28-30"",""addr:street"":""Nguyễn An Ninh"",""building"":""yes"",""internet_access"":""wlan"",""name"":""Cochin Sang Hotel"",""phone"":""+842838232999"",""tourism"":""hotel"",""website"":""https://cochinsaigonhotels.com/""}"
954460170,way,Oromia Coffee & Lounge,Oromia Coffee & Lounge,yes,cafe,,,10.7861756,106.6868159,,,,Thành phố Hồ Chí Minh,,2022-12-28T07:31:08Z,,osm_overpass,"{""addr:city"":""Thành phố Hồ Chí Minh"",""addr:district"":""Quận 3"",""addr:housenumber"":""193"",""addr:street"":""Nam Kỳ Khởi Nghĩa"",""addr:subdistrict"":""Phường 7"",""air_conditioning"":""yes"",""amenity"":""cafe"",""building"":""yes"",""cuisine"":""coffee_shop"",""internet_access"":""yes"",""internet_access:fee"":""no"",""internet_access:ssid"":""Oromia Coffee & Lounge"",""name"":""Oromia Coffee & Lounge"",""opening_hours"":""Mo-Su 10:00-22:00"",""opening_hours:covid19"":""Mo-Sa 09:00-19:00"",""smoking"":""no""}"
954795481,way,Chanchamayo Coffee,Chanchamayo Coffee,yes,cafe,,,10.7933519,106.6832257,,,,Thành Phố Hồ Chí Minh,,2021-06-16T04:07:44Z,,osm_overpass,"{""addr:city"":""Thành Phố Hồ Chí Minh"",""addr:district"":""Quận 3"",""addr:housenumber"":""1"",""addr:street"":""Ngô Thời Nhiệm"",""addr:subdistrict"":""Phường 7"",""air_conditioning"":""yes"",""amenity"":""cafe"",""building"":""yes"",""cuisine"":""coffee_shop;ice_cream"",""internet_access"":""yes"",""internet_access:fee"":""no"",""internet_access:ssid"":""Chanchamayo Coffee"",""name"":""Chanchamayo Coffee"",""opening_hours"":""Mo-Su 10:00-22:00"",""opening_hours:covid19"":""Mo-Sa 09:00-19:00"",""outdoor_seating"":""yes"",""takeaway"":""yes""}"
954795483,way,Cà phê Hà Nội,HaNoi,yes,cafe,,,10.7932066,106.6835471,,,,Thành Phố Hồ Chí Minh,,2021-06-16T04:07:44Z,,osm_overpass,"{""addr:city"":""Thành Phố Hồ Chí Minh"",""addr:street"":""Hẻm 11 Đào Duy Từ"",""air_conditioning"":""yes"",""amenity"":""cafe"",""building"":""yes"",""cuisine"":""coffee_shop;vietnamese"",""internet_access"":""yes"",""internet_access:fee"":""no"",""internet_access:ssid"":""HaNoi"",""name"":""Cà phê Hà Nội"",""opening_hours"":""Mo-Sa 08:00-20:00"",""opening_hours:covid19"":""off"",""outdoor_seating"":""yes""}"
954795484,way,Trung Nguyên Coffee,Trung Nguyên,yes,cafe,,,10.7931345,106.6835839,,,,Thành phố Hồ Chí Minh,,2025-04-28T11:07:36Z,,osm_overpass,"{""addr:city"":""Thành phố Hồ Chí Minh"",""addr:street"":""Hẻm 11 Đào Duy Từ"",""air_conditioning"":""yes"",""amenity"":""cafe"",""brand"":""Trung Nguyên"",""brand:wikidata"":""Q3541154"",""brand:wikipedia"":""vi:Trung Nguyên (công ty)"",""building"":""yes"",""cuisine"":""coffee_shop;vietnamese"",""internet_access"":""yes"",""internet_access:fee"":""no"",""internet_access:ssid"":""Trung Nguyên"",""name"":""Trung Nguyên Coffee"",""name:en"":""Trung Nguyên Coffee"",""name:vi"":""Cà phê Trung Nguyên"",""opening_hours"":""Mo-Sa 08:00-20:00"",""outdoor_seating"":""yes"",""takeaway"":""yes""}"
955564741,way,Cozy Ice cream,,yes,ice_cream,,,10.7870368,106.6803955,,,VN,Thành phố Hồ Chí Minh,,2021-06-18T03:53:32Z,,osm_overpass,"{""addr:city"":""Thành phố Hồ Chí Minh"",""addr:country"":""VN"",""addr:street"":""Lê Văn Sỹ"",""amenity"":""ice_cream"",""delivery"":""no"",""internet_access"":""yes"",""internet_access:fee"":""no"",""mobile"":""094587625"",""name"":""Cozy Ice cream"",""opening_hours"":""Mo-Su 09:00-21:00"",""outdoor_seating"":""yes"",""smoking"":""no"",""takeaway"":""yes"",""wheelchair"":""no""}"
1059566394,way,Trường Đại học Sài Gòn – cơ sở 1,,wlan,university,,Ủy ban nhân dân Thành phố Hồ Chí Minh,10.7791512,106.6841304,,,,Ho Chi Minh City,,2025-09-28T18:27:08Z,,osm_overpass,"{""addr:city"":""Ho Chi Minh City"",""addr:district"":""Xuân Hòa"",""addr:housenumber"":""105"",""addr:street"":""Bà Huyện Thanh Quan"",""amenity"":""university"",""email"":""daihocsaigon@sgu.edu.vn"",""internet_access"":""wlan"",""internet_access:fee"":""no"",""name"":""Trường Đại học Sài Gòn – cơ sở 1"",""name:en"":""Saigon University–Campus 1"",""name:fr"":""Université de Saïgon – campus 1"",""name:vi"":""Trường Đại học Sài Gòn – cơ sở 1"",""operator"":""Ủy ban nhân dân Thành phố Hồ Chí Minh"",""operator:type"":""government"",""website"":""https://www.sgu.edu.vn/""}"
1152739363,way,Acnos Grand Hotel,,yes,,,,10.7756818,106.6860382,,,,,,2025-06-09T09:20:31Z,,osm_overpass,"{""addr:housenumber"":""82-84"",""addr:street"":""Đường Cách Mạng Tháng 8"",""building"":""yes"",""email"":""info@leduygrandhotel.com.vn"",""internet_access"":""yes"",""internet_access:fee"":""no"",""name"":""Acnos Grand Hotel"",""name:en"":""Le Duy Grand Hotel"",""phone"":""+84 8390 3089"",""tourism"":""hotel"",""website"":""leduygrandhotel.com.vn""}"
1154088054,way,Khách Sạn Mai House Saigon,,yes,,,,10.7818752,106.6915468,,,,Ho Chi Minh City,,2025-09-28T18:27:08Z,,osm_overpass,"{""addr:city"":""Ho Chi Minh City"",""addr:district"":""Xuân Hòa"",""addr:housenumber"":""157"",""addr:street"":""Nam Kỳ Khởi Nghĩa"",""email"":""rsvn.saigon@maihouse.com"",""internet_access"":""yes"",""name"":""Khách Sạn Mai House Saigon"",""name:en"":""Mai House Saigon Hotel"",""phone"":""+84 28 7303 9000"",""tourism"":""hotel"",""website"":""https://maihouse.com.vn/""}"
1198217668,way,Cafe Lafam,Café Lafam,wlan,cafe,,,10.7984857,106.6863633,,,,TP.HCM,,2024-11-01T08:52:48Z,,osm_overpass,"{""addr:city"":""TP.HCM"",""addr:district"":""Phú Nhuận"",""addr:housenumber"":""199"",""addr:street"":""Hoa Lan"",""addr:subdistrict"":""phường 2"",""air_conditioning"":""yes"",""amenity"":""cafe"",""building"":""yes"",""cuisine"":""coffee_shop"",""internet_access"":""wlan"",""internet_access:fee"":""customers"",""internet_access:ssid"":""Café Lafam"",""name"":""Cafe Lafam"",""opening_hours"":""07:00-22:30"",""outdoor_seating"":""yes"",""payment:app"":""yes"",""payment:apple_pay"":""no"",""payment:cards"":""no"",""payment:cash"":""yes"",""payment:google_pay"":""no"",""phone"":""+84 896652861"",""toilets"":""yes""}"
1290273079,way,Grandma Lu,,wlan,cafe,,,10.7670918,106.689637,,,,TP Hồ Chí Minh,,2024-06-07T15:02:47Z,,osm_overpass,"{""addr:city"":""TP Hồ Chí Minh"",""addr:district"":""Quận 1"",""addr:housenumber"":""316A"",""addr:street"":""Phạm Ngũ Lão"",""amenity"":""cafe"",""building"":""yes"",""cuisine"":""vietnamese"",""description"":""Home of delicious banh mi coffee and tea"",""internet_access"":""wlan"",""internet_access:fee"":""no"",""name"":""Grandma Lu"",""outdoor_seating"":""yes"",""phone"":""+8465354357"",""website"":""https://banhmigrandmalu.com/""}"
1349922284,way,Barista Collective,,wlan,cafe,,,10.787429,106.6805995,,,,Hồ Chí Minh,,2025-01-10T07:32:01Z,,osm_overpass,"{""addr:city"":""Thành phố Hồ Chí Minh"",""addr:district"":""Quận 3"",""addr:province"":""Hồ Chí Minh"",""addr:street"":""Hẻm 264 Lê Văn Sỹ"",""addr:subdistrict"":""Phường 14"",""air_conditioning"":""yes"",""amenity"":""cafe"",""building"":""retail"",""building:levels"":""4"",""cuisine"":""coffee_shop"",""internet_access"":""wlan"",""internet_access:fee"":""customers"",""name"":""Barista Collective"",""opening_hours"":""Mo-Su 07:30-22:00"",""outdoor_seating"":""yes"",""power_supply"":""yes"",""toilets"":""yes"",""toilets:access"":""customers""}"
1458935208,way,Analog,,wlan,cafe,,,10.7632758,106.6778233,,,,Ho Chi Minh City,,2025-12-16T05:05:10Z,,osm_overpass,"{""addr:city"":""Ho Chi Minh City"",""addr:district"":""Quận 10"",""addr:housenumber"":""40"",""addr:street"":""Hùng Vương"",""addr:subdistrict"":""Phường 1"",""amenity"":""cafe"",""building"":""yes"",""internet_access"":""wlan"",""internet_access:fee"":""customers"",""name"":""Analog"",""outdoor_seating"":""yes""}"
1488638555,way,Ngoc Minh,,yes,,,,10.767442,106.6913411,,,,Thành phố Hồ Chí Minh,,2026-03-13T17:01:49Z,,osm_overpass,"{""addr:city"":""TP Hồ Chí Minh"",""addr:district"":""District 1"",""addr:housenumber"":""11-13"",""addr:province"":""Thành phố Hồ Chí Minh"",""addr:street"":""Hẻm 283 Phạm Ngũ Lão"",""building"":""yes"",""building:levels"":""6"",""height"":""22"",""internet_access"":""yes"",""name"":""Ngoc Minh"",""phone"":""+84989599076"",""tourism"":""hotel""}"
1488642657,way,Khách Sạn E,,yes,,,,10.767351,106.6914945,,,,,,2026-03-13T17:01:49Z,,osm_overpass,"{""addr:housenumber"":""5"",""addr:postcode"":""70000"",""addr:street"":""Hẻm 28 Đường Đỗ Quang Đẩu"",""building"":""yes"",""email"":""info.ehostel@gmail.com"",""internet_access"":""yes"",""name"":""Khách Sạn E"",""tourism"":""hotel""}"
1489501129,way,Mai Phai,,wlan,,,,10.7684176,106.6929851,,,VN,Thành phố Hồ Chí Minh,,2026-03-20T20:42:23Z,,osm_overpass,"{""addr:city"":""Ho Chi Minh City"",""addr:country"":""VN"",""addr:district"":""Quận 1"",""addr:housenumber"":""209"",""addr:postcode"":""71000"",""addr:province"":""Thành phố Hồ Chí Minh"",""addr:street"":""Phạm Ngũ Lão"",""addr:subdistrict"":""Phường Bến Thành"",""building"":""yes"",""contact:email"":""maiphaihotel@saigonnet.vn"",""contact:phone"":""+84 2838365868"",""internet_access"":""wlan"",""internet_access:fee"":""no"",""name"":""Mai Phai"",""name:de"":""Mai Phai"",""name:vi"":""Khách Sạn Mai Phai"",""tourism"":""hotel""}"
